day,Temperature (° F)_Max,Temperature (° F)_Avg,Temperature (° F)_Min,Dew Point (° F)_Max,Dew Point (° F)_Avg,Dew Point (° F)_Min,Humidity (%)_Max,Humidity (%)_Avg,Humidity (%)_Min,Wind Speed (mph)_Max,Wind Speed (mph)_Avg,Wind Speed (mph)_Min,Pressure (Hg)_Max,Pressure (Hg)_Avg,Pressure (Hg)_Min,Precipation (in)_Max,Precipation (in)_Avg,Precipation (in)_Min,date
1,39,34,28,37,33,28,100,-,87,7,-,0,30.37,-,30.27,-,0.00,-,201601
2,35,34,32,36,34,32,100,-,92,6,-,0,30.27,-,29.92,-,0.12,-,201601
3,36,34,32,36,34,32,100,-,90,7,-,0,29.92,-,29.71,-,0.00,-,201601
4,37,34,32,36,34,32,100,-,85,7,-,1,29.71,-,29.47,-,0.00,-,201601
5,40,38,35,37,35,34,93,-,78,7,-,0,29.62,-,29.5,-,0.03,-,201601
6,46,42,37,39,36,34,100,-,63,8,-,2,29.62,-,29.56,-,0.00,-,201601
7,42,36,29,37,33,30,100,-,62,7,-,0,29.71,-,29.59,-,0.00,-,201601
8,41,34,28,37,34,28,100,-,73,10,-,0,29.88,-,29.68,-,0.00,-,201601
9,41,40,38,41,39,37,100,-,89,7,-,0,29.86,-,29.68,-,0.12,-,201601
10,44,40,37,43,40,37,100,-,85,7,-,0,29.7,-,29.62,-,0.00,-,201601
11,46,42,37,45,42,37,100,-,87,8,-,0,29.63,-,29.33,-,0.00,-,201601
12,54,43,32,41,35,28,100,-,40,13,-,0,29.74,-,29.47,-,0.00,-,201601
13,54,44,34,30,24,16,81,-,15,12,-,2,30.05,-,29.74,-,0.00,-,201601
14,41,34,28,35,29,23,93,-,49,9,-,0,30.05,-,29.86,-,0.00,-,201601
15,51,42,33,34,20,0,93,-,5,14,-,4,29.89,-,29.8,-,0.00,-,201601
16,51,38,26,30,16,5,93,-,8,15,-,0,30.05,-,29.86,-,0.00,-,201601
17,47,41,35,10,7,0,30,-,9,17,-,5,30.12,-,29.98,-,0.00,-,201601
18,40,31,22,18,11,1,64,-,11,7,-,0,30.2,-,30.06,-,0.00,-,201601
19,39,31,23,19,16,12,80,-,22,6,-,0,30.11,-,30.01,-,0.00,-,201601
20,39,30,22,23,20,16,86,-,30,8,-,0,30.12,-,30.04,-,0.00,-,201601
21,41,32,23,27,22,17,93,-,25,7,-,0,30.4,-,30.09,-,0.00,-,201601
22,43,33,23,28,25,21,100,-,36,5,-,0,30.55,-,30.42,-,0.00,-,201601
23,45,36,27,29,27,25,93,-,33,9,-,0,30.57,-,30.45,-,0.00,-,201601
24,47,35,23,32,28,23,100,-,43,7,-,0,30.62,-,30.48,-,0.00,-,201601
25,56,42,27,39,33,27,100,-,43,8,-,0,30.57,-,30.39,-,0.00,-,201601
26,58,44,30,45,38,30,100,-,48,7,-,0,30.49,-,30.36,-,0.00,-,201601
27,52,42,32,45,40,32,100,-,62,5,-,0,30.44,-,30.33,-,0.00,-,201601
28,53,48,44,46,44,41,93,-,64,6,-,0,30.41,-,30.33,-,0.00,-,201601
29,58,50,42,46,43,41,100,-,43,7,-,0,30.48,-,30.36,-,0.00,-,201601
30,46,44,43,45,44,41,100,-,80,6,-,0,30.48,-,30.09,-,0.12,-,201601
31,55,47,39,46,44,39,100,-,59,10,-,0,30.09,-,29.95,-,0.00,-,201601
1,44,38,33,45,40,34,100,-,93,7,-,1,30.35,-,30.04,-,0.00,-,201602
2,48,46,43,46,45,43,100,-,92,6,-,0,30.36,-,30.18,-,0.01,-,201602
3,50,46,43,48,40,10,100,-,10,14,-,0,30.19,-,29.86,-,0.24,-,201602
4,55,47,39,28,20,12,49,-,14,14,-,1,30.28,-,30.12,-,0.00,-,201602
5,52,42,32,35,30,19,81,-,25,9,-,0,30.42,-,30.12,-,0.00,-,201602
6,44,38,32,39,36,32,93,-,64,6,-,0,30.47,-,30.21,-,0.01,-,201602
7,45,42,40,45,41,39,100,-,92,7,-,0,30.22,-,29.89,-,0.87,-,201602
8,50,46,41,45,41,39,100,-,71,8,-,0,30.04,-,29.95,-,0.00,-,201602
9,48,46,44,46,44,43,100,-,85,14,-,0,30,-,29.39,-,0.43,-,201602
10,55,45,35,45,23,12,100,-,10,12,-,2,29.63,-,29.33,-,0.00,-,201602
11,52,40,28,30,25,19,86,-,18,6,-,0,29.81,-,29.65,-,0.00,-,201602
12,45,41,37,37,33,27,93,-,48,7,-,1,29.77,-,29.5,-,0.16,-,201602
13,45,39,33,38,36,32,93,-,67,8,-,2,29.51,-,29.39,-,0.00,-,201602
14,41,40,39,41,39,37,100,-,85,7,-,0,29.48,-,29.33,-,0.16,-,201602
15,53,44,35,43,40,34,100,-,52,7,-,0,29.98,-,29.47,-,0.00,-,201602
16,47,45,43,45,43,41,93,-,78,7,-,0,30.25,-,30.01,-,0.24,-,201602
17,45,42,39,43,40,37,100,-,73,10,-,0,30.17,-,30.06,-,0.04,-,201602
18,51,42,33,41,38,32,100,-,62,12,-,0,30.13,-,29.92,-,0.00,-,201602
19,57,44,32,43,35,19,100,-,15,9,-,0,30.09,-,29.92,-,0.00,-,201602
20,56,46,36,39,32,19,93,-,28,6,-,1,30.34,-,30.09,-,0.00,-,201602
21,61,49,37,46,36,24,93,-,28,8,-,0,30.23,-,30.09,-,0.00,-,201602
22,53,46,39,48,44,37,94,-,65,7,-,0,30.19,-,29.98,-,0.00,-,201602
23,56,49,42,48,45,41,100,-,62,9,-,0,29.98,-,29.8,-,0.00,-,201602
24,53,44,34,45,38,19,100,-,32,15,-,1,30.01,-,29.8,-,0.00,-,201602
25,51,45,39,39,36,34,100,-,45,6,-,0,29.96,-,29.77,-,0.00,-,201602
26,47,38,30,39,36,30,100,-,65,10,-,0,29.89,-,29.77,-,0.24,-,201602
27,43,41,39,43,38,34,100,-,68,10,-,2,29.83,-,29.71,-,0.12,-,201602
28,47,43,39,46,43,39,100,-,87,13,-,2,29.8,-,29.56,-,0.91,-,201602
29,55,50,45,47,45,43,100,-,60,14,-,0,29.81,-,29.5,-,0.08,-,201602
1,62,48,35,46,41,36,100,-,42,7,-,0,29.94,-,29.8,-,0.00,-,201603
2,56,47,38,45,42,36,93,-,50,17,-,0,29.94,-,29.42,-,0.39,-,201603
3,59,50,41,41,26,14,87,-,18,14,-,4,29.62,-,29.39,-,0.00,-,201603
4,53,42,31,36,30,21,93,-,20,7,-,0,29.73,-,29.62,-,0.04,-,201603
5,44,40,35,41,37,34,100,-,62,14,-,2,29.67,-,29.42,-,0.83,-,201603
6,41,36,32,37,36,34,100,-,82,7,-,2,29.62,-,29.47,-,0.00,-,201603
7,48,42,35,39,36,34,100,-,52,9,-,0,29.67,-,29.56,-,0.00,-,201603
8,49,40,31,38,34,30,100,-,40,9,-,0,29.89,-,29.65,-,0.00,-,201603
9,52,44,37,38,36,30,93,-,32,9,-,0,29.94,-,29.74,-,0.00,-,201603
10,61,49,37,39,36,32,93,-,26,8,-,0,29.94,-,29.77,-,0.00,-,201603
11,58,50,41,41,39,34,81,-,39,8,-,0,30.12,-,29.92,-,0.00,-,201603
12,60,52,45,41,40,37,76,-,38,9,-,0,30.13,-,30.04,-,0.00,-,201603
13,60,53,46,43,39,32,82,-,31,8,-,1,30.19,-,30.09,-,0.00,-,201603
14,57,52,46,40,37,34,76,-,31,7,-,1,30.25,-,30.18,-,0.00,-,201603
15,57,47,37,39,37,34,93,-,32,18,-,0,30.23,-,29.86,-,0.03,-,201603
16,48,44,39,37,32,27,87,-,35,20,-,4,30.35,-,29.98,-,0.00,-,201603
17,57,49,41,37,34,30,76,-,27,9,-,0,30.38,-,30.21,-,0.00,-,201603
18,62,49,36,39,35,31,87,-,19,9,-,0,30.21,-,29.95,-,0.00,-,201603
19,66,51,36,43,37,30,93,-,17,9,-,0,30.04,-,29.95,-,0.00,-,201603
20,63,52,40,45,42,37,93,-,36,9,-,0,30.06,-,29.95,-,0.00,-,201603
21,64,52,41,48,43,40,93,-,36,8,-,0,29.98,-,29.86,-,0.00,-,201603
22,60,53,46,48,45,43,100,-,53,10,-,0,29.87,-,29.62,-,0.00,-,201603
23,58,52,46,43,35,32,71,-,29,10,-,2,29.65,-,29.47,-,0.00,-,201603
24,62,50,38,36,33,30,76,-,20,8,-,1,29.95,-,29.68,-,0.00,-,201603
25,60,51,42,41,36,30,71,-,30,8,-,0,30.04,-,29.95,-,0.00,-,201603
26,64,52,40,45,41,37,87,-,35,7,-,0,30.11,-,29.98,-,0.00,-,201603
27,64,53,42,50,43,37,94,-,32,12,-,0,30.09,-,29.92,-,0.24,-,201603
28,56,52,48,50,49,46,100,-,72,8,-,0,29.96,-,29.89,-,0.04,-,201603
29,68,57,46,50,47,43,100,-,35,9,-,0,30.01,-,29.92,-,0.00,-,201603
30,59,57,55,52,49,45,82,-,52,7,-,0,30.11,-,30.01,-,0.00,-,201603
31,64,56,48,52,50,46,94,-,50,12,-,0,30.07,-,29.95,-,0.00,-,201603
1,64,58,52,52,51,50,94,-,56,13,-,1,30.08,-,29.95,-,0.00,-,201604
2,65,60,54,55,53,51,94,-,56,8,-,0,30.17,-,30.06,-,0.00,-,201604
3,69,60,50,54,51,48,94,-,41,6,-,0,30.12,-,30.01,-,0.00,-,201604
4,63,58,54,55,51,48,88,-,58,10,-,2,30.01,-,29.89,-,0.02,-,201604
5,63,58,53,52,51,50,94,-,56,10,-,0,29.95,-,29.86,-,0.00,-,201604
6,72,61,50,55,52,48,100,-,35,6,-,0,29.92,-,29.8,-,0.00,-,201604
7,69,62,56,56,53,51,88,-,41,14,-,0,29.83,-,29.65,-,0.00,-,201604
8,67,60,52,53,50,48,94,-,46,10,-,0,29.68,-,29.53,-,0.02,-,201604
9,67,60,54,52,47,41,88,-,36,8,-,0,29.69,-,29.56,-,0.00,-,201604
10,71,58,46,48,43,39,82,-,22,8,-,1,29.86,-,29.68,-,0.00,-,201604
11,72,62,51,48,42,34,77,-,17,13,-,1,29.93,-,29.86,-,0.00,-,201604
12,71,60,48,48,44,39,71,-,28,7,-,1,29.96,-,29.86,-,0.00,-,201604
13,70,60,51,52,48,45,88,-,34,12,-,0,29.89,-,29.68,-,0.08,-,201604
14,75,62,50,52,44,28,94,-,11,12,-,0,29.86,-,29.74,-,0.00,-,201604
15,68,60,51,48,46,41,72,-,36,10,-,1,29.95,-,29.86,-,0.00,-,201604
16,69,60,52,48,45,41,77,-,32,10,-,0,29.89,-,29.83,-,0.00,-,201604
17,71,64,57,55,51,48,82,-,38,12,-,1,29.86,-,29.77,-,0.00,-,201604
18,74,64,54,52,47,39,82,-,23,15,-,0,29.92,-,29.8,-,0.00,-,201604
19,73,60,47,46,42,36,82,-,17,10,-,1,30.13,-,29.89,-,0.00,-,201604
20,71,60,50,46,45,43,76,-,28,10,-,0,30.3,-,30.12,-,0.00,-,201604
21,70,62,53,45,40,37,63,-,19,7,-,0,30.32,-,30.12,-,0.00,-,201604
22,75,64,53,50,45,39,77,-,22,12,-,0,30.12,-,29.86,-,0.00,-,201604
23,68,62,53,54,50,48,82,-,43,9,-,0,29.86,-,29.56,-,0.08,-,201604
24,69,58,46,54,42,21,94,-,9,18,-,1,29.78,-,29.5,-,0.00,-,201604
25,64,52,39,41,26,10,93,-,6,16,-,0,29.81,-,29.71,-,0.00,-,201604
26,64,54,45,46,39,30,82,-,29,10,-,1,29.78,-,29.65,-,0.08,-,201604
27,65,56,46,46,29,10,87,-,6,16,-,2,29.84,-,29.59,-,0.00,-,201604
28,62,53,44,43,37,32,76,-,28,15,-,2,29.98,-,29.83,-,0.01,-,201604
29,66,58,51,45,41,37,76,-,26,12,-,0,30.11,-,29.98,-,0.00,-,201604
30,70,60,51,48,40,33,88,-,17,18,-,2,30.09,-,29.86,-,0.43,-,201604
1,54,51,48,50,48,45,100,-,68,8,-,0,29.97,-,29.83,-,0.24,-,201605
2,63,56,49,52,49,46,94,-,49,8,-,0,29.96,-,29.89,-,0.00,-,201605
3,77,62,47,52,42,27,94,-,13,16,-,0,29.98,-,29.86,-,0.00,-,201605
4,75,63,51,36,28,24,41,-,10,12,-,1,30.08,-,29.98,-,0.00,-,201605
5,71,62,54,46,41,28,72,-,21,9,-,0,30.21,-,30.04,-,0.00,-,201605
6,74,61,48,48,43,37,82,-,18,8,-,0,30.16,-,29.98,-,0.00,-,201605
7,77,64,52,48,45,37,77,-,16,9,-,0,30.01,-,29.86,-,0.00,-,201605
8,74,66,57,52,47,41,72,-,21,12,-,0,30.01,-,29.92,-,0.00,-,201605
9,64,60,56,55,53,50,94,-,59,7,-,1,30.12,-,30.01,-,0.02,-,201605
10,65,61,57,57,55,54,94,-,63,7,-,0,30.08,-,29.92,-,0.02,-,201605
11,60,58,57,57,56,55,94,-,77,13,-,0,29.89,-,29.62,-,0.47,-,201605
12,65,60,56,57,55,52,94,-,69,13,-,1,29.62,-,29.47,-,0.12,-,201605
13,68,61,54,55,54,52,95,-,49,6,-,0,29.54,-,29.44,-,0.02,-,201605
14,75,63,51,57,55,50,100,-,41,13,-,0,29.78,-,29.53,-,0.00,-,201605
15,76,65,54,55,46,27,94,-,10,14,-,0,29.98,-,29.8,-,0.00,-,201605
16,68,60,52,50,46,39,88,-,30,20,-,1,30.11,-,29.98,-,0.00,-,201605
17,71,60,50,49,44,36,82,-,19,8,-,1,30.06,-,29.95,-,0.00,-,201605
18,73,62,51,50,45,39,72,-,22,9,-,1,30.02,-,29.88,-,0.00,-,201605
19,59,55,51,55,51,46,94,-,59,21,-,2,29.92,-,29.77,-,0.39,-,201605
20,76,61,46,54,48,41,100,-,19,8,-,0,30.07,-,29.92,-,0.00,-,201605
21,80,66,53,57,50,45,88,-,23,7,-,0,30.12,-,30.03,-,0.00,-,201605
22,80,68,56,55,50,41,77,-,20,9,-,0,30.07,-,29.89,-,0.00,-,201605
23,66,60,55,57,51,44,82,-,39,14,-,0,29.89,-,29.74,-,0.16,-,201605
24,78,64,50,52,46,37,88,-,16,13,-,0,29.83,-,29.74,-,0.00,-,201605
25,76,66,57,54,49,45,72,-,31,10,-,2,29.95,-,29.86,-,0.00,-,201605
26,79,68,57,55,49,45,72,-,20,7,-,0,30.01,-,29.95,-,0.00,-,201605
27,84,72,59,58,54,50,77,-,25,6,-,0,30.04,-,29.95,-,0.00,-,201605
28,83,74,65,59,57,54,78,-,31,9,-,0,29.98,-,29.8,-,0.00,-,201605
29,65,62,60,63,60,57,94,-,59,13,-,0,29.83,-,29.74,-,0.35,-,201605
30,64,60,57,61,59,56,100,-,71,10,-,0,29.86,-,29.74,-,1.81,-,201605
31,72,64,55,59,56,52,100,-,48,14,-,0,29.95,-,29.86,-,0.98,-,201605
1,72,64,56,59,56,54,96,-,43,9,-,0,29.95,-,29.88,-,0.04,-,201606
2,73,66,60,60,57,53,94,-,43,21,-,0,29.92,-,29.8,-,0.35,-,201606
3,75,66,58,63,59,54,100,-,43,10,-,0,29.89,-,29.8,-,0.20,-,201606
4,73,66,60,63,59,55,100,-,48,8,-,1,29.95,-,29.86,-,0.55,-,201606
5,79,70,60,63,60,57,100,-,47,13,-,1,30.01,-,29.92,-,0.24,-,201606
6,79,70,60,63,59,55,100,-,37,7,-,0,30.11,-,30.01,-,0.00,-,201606
7,85,73,61,63,59,54,94,-,29,10,-,0,30.15,-,30.06,-,0.00,-,201606
8,82,72,62,63,59,55,94,-,33,17,-,0,30.1,-,29.89,-,0.02,-,201606
9,76,68,60,63,61,57,100,-,49,29,-,1,29.98,-,29.8,-,1.10,-,201606
10,77,68,59,63,59,55,100,-,43,7,-,0,29.92,-,29.83,-,0.00,-,201606
11,75,69,63,63,60,57,94,-,50,9,-,1,29.87,-,29.8,-,0.00,-,201606
12,76,69,62,61,58,54,88,-,43,8,-,0,29.86,-,29.71,-,0.00,-,201606
13,80,70,61,61,57,54,83,-,34,9,-,0,29.74,-,29.53,-,0.01,-,201606
14,76,68,59,61,58,54,100,-,44,14,-,1,29.62,-,29.47,-,1.02,-,201606
15,76,66,57,65,59,55,100,-,46,13,-,2,29.68,-,29.56,-,0.28,-,201606
16,76,70,63,66,60,55,94,-,51,22,-,4,29.68,-,29.52,-,0.20,-,201606
17,77,68,60,57,53,50,88,-,33,13,-,0,30.01,-,29.59,-,0.00,-,201606
18,75,67,59,55,53,52,77,-,42,9,-,0,30.06,-,30.01,-,0.00,-,201606
19,73,66,59,61,57,52,94,-,44,13,-,0,30.06,-,29.98,-,0.12,-,201606
20,83,69,55,61,54,45,100,-,23,8,-,0,30.11,-,30.01,-,0.00,-,201606
21,84,76,67,63,56,52,69,-,27,7,-,0,30.18,-,30.12,-,0.00,-,201606
22,87,76,65,63,59,55,78,-,29,6,-,0,30.22,-,30.12,-,0.00,-,201606
23,90,78,66,66,64,61,88,-,32,8,-,0,30.19,-,30.06,-,0.00,-,201606
24,91,81,71,68,67,64,83,-,33,7,-,0,30.1,-,29.91,-,0.00,-,201606
25,90,81,71,70,64,55,83,-,23,15,-,0,29.92,-,29.8,-,0.00,-,201606
26,88,78,67,64,62,57,88,-,35,15,-,0,29.92,-,29.79,-,0.01,-,201606
27,87,76,64,63,56,45,88,-,21,9,-,0,30.01,-,29.89,-,0.00,-,201606
28,86,76,67,63,59,54,73,-,28,9,-,0,30.08,-,29.95,-,0.00,-,201606
29,87,78,69,63,58,54,69,-,23,8,-,0,30.04,-,29.91,-,0.00,-,201606
30,85,78,70,64,61,54,69,-,30,10,-,2,29.99,-,29.92,-,0.00,-,201606
1,89,78,66,65,61,55,83,-,28,8,-,0,30.06,-,29.97,-,0.00,-,201607
2,87,78,69,69,63,59,94,-,36,10,-,0,30.01,-,29.89,-,0.12,-,201607
3,90,78,65,68,65,59,100,-,28,14,-,0,30.04,-,29.91,-,0.00,-,201607
4,82,76,71,63,59,55,69,-,37,12,-,2,30.13,-,30.04,-,0.00,-,201607
5,86,77,68,66,62,59,83,-,37,9,-,0,30.06,-,29.91,-,0.00,-,201607
6,89,78,68,66,61,54,83,-,26,8,-,0,29.98,-,29.88,-,0.00,-,201607
7,89,78,67,66,63,57,78,-,30,9,-,0,30.06,-,29.95,-,0.00,-,201607
8,86,78,71,66,64,57,78,-,36,9,-,2,30.09,-,30,-,0.00,-,201607
9,92,82,71,68,65,59,73,-,32,8,-,1,30.06,-,29.94,-,0.00,-,201607
10,92,83,74,70,67,63,78,-,29,9,-,0,30.04,-,29.92,-,0.00,-,201607
11,94,86,77,69,65,55,69,-,24,9,-,1,29.98,-,29.86,-,0.00,-,201607
12,83,76,70,72,67,64,94,-,54,8,-,0,29.92,-,29.8,-,0.20,-,201607
13,85,74,62,70,63,43,94,-,25,32,-,0,29.83,-,29.62,-,0.08,-,201607
14,83,72,61,50,41,36,63,-,13,20,-,1,29.95,-,29.8,-,0.00,-,201607
15,82,69,56,54,44,33,88,-,12,17,-,0,30.06,-,29.95,-,0.00,-,201607
16,82,68,54,55,47,34,72,-,17,9,-,0,30.1,-,30,-,0.00,-,201607
17,86,74,61,61,53,46,72,-,23,10,-,0,30.15,-,30.01,-,0.00,-,201607
18,91,76,62,63,57,52,82,-,23,8,-,0,30.12,-,30.01,-,0.00,-,201607
19,91,78,64,66,60,50,83,-,26,7,-,0,30.12,-,30.01,-,0.00,-,201607
20,92,81,70,66,63,59,83,-,28,7,-,0,30.06,-,29.92,-,0.00,-,201607
21,90,82,73,68,64,55,78,-,37,8,-,0,30.01,-,29.89,-,0.01,-,201607
22,87,80,72,65,60,50,69,-,31,8,-,0,29.98,-,29.92,-,0.00,-,201607
23,83,77,71,66,62,59,78,-,38,14,-,0,30.06,-,29.95,-,0.00,-,201607
24,87,76,66,66,63,59,88,-,37,8,-,0,30.04,-,29.97,-,0.00,-,201607
25,93,80,67,68,63,57,94,-,22,8,-,0,29.99,-,29.91,-,0.00,-,201607
26,90,80,70,68,64,59,83,-,37,14,-,1,30.01,-,29.94,-,0.00,-,201607
27,88,77,66,68,65,63,94,-,39,18,-,0,30.04,-,29.89,-,0.08,-,201607
28,87,76,65,67,64,54,100,-,25,8,-,0,30.02,-,29.91,-,0.00,-,201607
29,89,80,70,67,64,61,78,-,38,7,-,1,29.99,-,29.89,-,0.00,-,201607
30,90,80,70,68,63,57,73,-,33,8,-,0,29.98,-,29.89,-,0.00,-,201607
31,82,74,67,68,66,64,94,-,51,12,-,0,29.96,-,29.83,-,0.43,-,201607
1,85,74,64,67,64,59,100,-,41,12,-,0,30.04,-,29.89,-,0.00,-,201608
2,84,76,69,64,60,57,73,-,32,7,-,0,30.08,-,29.98,-,0.00,-,201608
3,87,78,68,66,64,61,83,-,32,6,-,0,30.04,-,29.92,-,0.00,-,201608
4,89,80,72,68,65,63,78,-,32,8,-,0,29.98,-,29.79,-,0.00,-,201608
5,76,69,62,69,56,41,100,-,20,26,-,1,29.98,-,29.77,-,0.51,-,201608
6,84,71,58,59,53,41,88,-,22,8,-,0,30.18,-,29.98,-,0.00,-,201608
7,84,75,66,61,56,48,78,-,20,8,-,0,30.27,-,30.18,-,0.00,-,201608
8,85,74,63,63,58,52,77,-,27,8,-,0,30.21,-,30.03,-,0.00,-,201608
9,86,76,66,64,61,57,83,-,34,10,-,0,30.04,-,29.86,-,0.63,-,201608
10,79,72,64,64,61,57,100,-,40,10,-,0,29.95,-,29.83,-,0.01,-,201608
11,77,68,58,59,53,46,94,-,25,10,-,0,30.18,-,29.98,-,0.00,-,201608
12,78,68,59,57,53,48,77,-,27,8,-,0,30.27,-,30.18,-,0.00,-,201608
13,80,71,62,61,57,55,78,-,34,7,-,0,30.3,-,30.18,-,0.00,-,201608
14,87,75,63,64,62,60,94,-,33,6,-,0,30.22,-,30.09,-,0.00,-,201608
15,88,78,69,64,62,54,83,-,22,7,-,0,30.13,-,29.98,-,0.00,-,201608
16,87,78,68,63,60,50,83,-,27,8,-,0,30.04,-,29.89,-,0.00,-,201608
17,87,76,66,64,62,60,83,-,31,9,-,0,29.89,-,29.74,-,0.00,-,201608
18,86,76,66,65,63,60,94,-,35,8,-,0,29.87,-,29.77,-,0.00,-,201608
19,82,74,66,67,65,63,88,-,48,8,-,0,29.95,-,29.83,-,0.00,-,201608
20,79,74,69,72,67,64,89,-,67,10,-,0,29.99,-,29.95,-,0.04,-,201608
21,85,76,68,68,63,41,94,-,18,12,-,0,30.01,-,29.89,-,0.00,-,201608
22,82,73,64,61,53,39,78,-,25,15,-,0,30.25,-,30.01,-,0.00,-,201608
23,83,73,63,59,56,52,78,-,27,8,-,0,30.27,-,30.18,-,0.00,-,201608
24,86,74,63,61,58,52,83,-,27,9,-,0,30.24,-,30.09,-,0.00,-,201608
25,86,76,67,63,60,57,78,-,32,8,-,0,30.17,-,30.06,-,0.00,-,201608
26,85,76,68,63,60,59,73,-,33,8,-,0,30.14,-,30.06,-,0.00,-,201608
27,87,76,66,64,60,55,83,-,27,7,-,0,30.16,-,30.06,-,0.00,-,201608
28,91,78,66,64,59,54,94,-,20,8,-,0,30.09,-,29.98,-,0.00,-,201608
29,90,80,70,66,62,57,69,-,26,8,-,0,30.04,-,29.89,-,0.02,-,201608
30,79,72,66,68,63,59,94,-,44,13,-,0,30.15,-,30.01,-,0.02,-,201608
31,85,76,67,66,62,57,94,-,33,7,-,0,30.15,-,30.06,-,0.00,-,201608
1,87,76,66,64,62,59,88,-,32,6,-,0,30.15,-,30.04,-,0.00,-,201609
2,89,78,68,66,63,57,94,-,24,6,-,0,30.12,-,30.01,-,0.00,-,201609
3,89,79,69,66,63,58,83,-,25,6,-,0,30.09,-,30,-,0.00,-,201609
4,86,77,68,66,63,59,83,-,31,7,-,0,30.05,-,29.91,-,0.00,-,201609
5,90,80,70,66,59,41,78,-,15,14,-,0,30.01,-,29.86,-,0.00,-,201609
6,85,74,64,63,57,48,83,-,19,25,-,2,30.15,-,29.94,-,0.00,-,201609
7,85,74,62,57,54,48,77,-,20,9,-,0,30.19,-,30.03,-,0.00,-,201609
8,85,75,65,61,57,54,73,-,24,8,-,0,30.04,-,29.89,-,0.00,-,201609
9,88,78,67,63,59,54,78,-,24,7,-,0,30.01,-,29.94,-,0.00,-,201609
10,87,76,66,64,59,54,83,-,28,8,-,0,30.01,-,29.92,-,0.00,-,201609
11,88,78,67,63,59,55,83,-,25,9,-,0,30.07,-,29.98,-,0.00,-,201609
12,88,77,66,61,59,55,83,-,22,6,-,0,30.12,-,30.03,-,0.00,-,201609
13,88,76,65,63,59,54,83,-,25,6,-,0,30.06,-,29.92,-,0.00,-,201609
14,88,76,64,61,58,52,78,-,21,8,-,0,29.98,-,29.89,-,0.00,-,201609
15,77,72,66,66,62,59,100,-,57,16,-,0,30.02,-,29.89,-,0.47,-,201609
16,76,69,62,64,61,55,94,-,53,9,-,0,30.04,-,29.89,-,0.01,-,201609
17,77,68,60,61,58,50,94,-,31,9,-,1,29.91,-,29.8,-,0.01,-,201609
18,75,68,61,61,56,52,94,-,34,7,-,0,29.89,-,29.77,-,0.00,-,201609
19,84,71,58,59,52,43,94,-,20,7,-,0,29.84,-,29.77,-,0.00,-,201609
20,80,68,57,57,50,45,77,-,19,9,-,0,29.9,-,29.83,-,0.00,-,201609
21,71,66,60,59,56,54,83,-,48,13,-,2,30.06,-,29.89,-,0.00,-,201609
22,72,66,59,55,53,51,82,-,39,7,-,0,30.22,-,30.06,-,0.00,-,201609
23,75,64,54,55,53,50,100,-,34,6,-,0,30.28,-,30.21,-,0.00,-,201609
24,77,66,56,55,51,46,82,-,26,7,-,0,30.33,-,30.21,-,0.00,-,201609
25,77,64,52,55,51,46,94,-,24,7,-,0,30.23,-,30.06,-,0.00,-,201609
26,77,66,54,55,53,50,94,-,29,7,-,0,30.16,-,30.09,-,0.00,-,201609
27,77,66,56,57,52,48,94,-,27,8,-,0,30.33,-,30.15,-,0.00,-,201609
28,78,66,54,55,53,52,94,-,29,5,-,0,30.42,-,30.3,-,0.00,-,201609
29,79,68,56,59,55,52,94,-,30,9,-,0,30.38,-,30.18,-,0.00,-,201609
30,79,69,59,57,55,48,82,-,27,8,-,0,30.18,-,30.04,-,0.00,-,201609
1,73,65,57,59,55,52,94,-,37,9,-,0,30.06,-,29.95,-,0.00,-,201610
2,75,68,62,61,58,54,94,-,39,9,-,0,29.96,-,29.89,-,0.00,-,201610
3,76,64,53,57,49,41,100,-,22,8,-,0,30.18,-,29.95,-,0.00,-,201610
4,75,64,52,52,47,37,82,-,16,8,-,0,30.2,-,30.09,-,0.00,-,201610
5,70,59,48,50,47,43,94,-,34,16,-,0,30.15,-,29.98,-,0.00,-,201610
6,63,56,50,45,42,41,72,-,32,14,-,0,30.07,-,29.95,-,0.00,-,201610
7,68,57,46,46,43,40,87,-,26,6,-,0,29.99,-,29.89,-,0.00,-,201610
8,66,57,48,48,45,43,87,-,35,7,-,0,30.08,-,29.98,-,0.00,-,201610
9,63,57,51,48,45,41,88,-,38,12,-,2,30.13,-,30.04,-,0.20,-,201610
10,61,54,48,48,44,40,94,-,37,14,-,1,30.14,-,30.01,-,0.02,-,201610
11,59,52,44,46,43,39,93,-,43,9,-,0,30.01,-,29.89,-,0.00,-,201610
12,61,50,39,45,41,36,100,-,32,6,-,0,30.03,-,29.92,-,0.00,-,201610
13,53,50,47,48,44,37,94,-,52,8,-,0,30.1,-,30.01,-,0.12,-,201610
14,54,51,48,52,50,48,100,-,91,17,-,1,30.09,-,29.8,-,0.94,-,201610
15,58,54,50,57,53,50,100,-,88,8,-,0,30.1,-,29.89,-,0.12,-,201610
16,67,58,50,55,54,50,100,-,49,6,-,0,30.26,-,30.09,-,0.00,-,201610
17,63,58,52,59,56,52,100,-,72,5,-,0,30.26,-,30.21,-,0.01,-,201610
18,67,60,53,57,55,53,100,-,54,6,-,0,30.21,-,30.09,-,0.12,-,201610
19,60,55,50,57,55,52,100,-,83,5,-,0,30.14,-,29.92,-,0.01,-,201610
20,62,56,50,55,52,48,100,-,68,14,-,0,29.95,-,29.86,-,0.01,-,201610
21,63,54,44,50,46,43,100,-,38,9,-,0,29.96,-,29.86,-,0.00,-,201610
22,59,52,45,48,46,45,100,-,56,8,-,0,30.05,-,29.95,-,0.00,-,201610
23,53,52,50,52,49,46,100,-,72,5,-,0,30.17,-,30.01,-,0.12,-,201610
24,56,54,51,54,53,52,100,-,89,4,-,0,30.25,-,30.15,-,0.08,-,201610
25,56,55,54,56,55,54,100,-,94,5,-,0,30.27,-,30.18,-,0.24,-,201610
26,60,58,55,58,57,56,99,-,88,6,-,1,30.22,-,30.17,-,0.04,-,201610
27,66,60,53,59,54,50,100,-,50,10,-,0,30.44,-,30.21,-,0.00,-,201610
28,64,57,50,52,49,46,100,-,44,6,-,0,30.52,-,30.42,-,0.00,-,201610
29,65,54,42,52,49,43,100,-,48,9,-,0,30.45,-,30.24,-,0.00,-,201610
30,56,50,44,55,49,44,100,-,91,8,-,0,30.32,-,30.21,-,0.01,-,201610
31,121,84,46,54,49,46,100,-,34,6,-,0,30.38,-,30.27,-,0.00,-,201610
1,58,52,46,51,49,46,100,-,65,9,-,0,30.35,-,30.15,-,0.00,-,201611
2,61,54,48,52,50,48,100,-,55,7,-,0,30.14,-,29.92,-,0.00,-,201611
3,59,50,42,54,49,43,100,-,58,12,-,0,30.16,-,29.92,-,0.00,-,201611
4,57,50,44,48,42,37,88,-,46,7,-,0,30.17,-,30.04,-,0.00,-,201611
5,50,49,48,50,49,46,100,-,75,8,-,1,30.05,-,29.59,-,0.59,-,201611
6,52,48,42,51,49,41,100,-,87,9,-,0,29.57,-,29.36,-,0.04,-,201611
7,56,46,36,43,38,32,100,-,30,9,-,0,29.71,-,29.5,-,0.00,-,201611
8,53,45,37,40,38,36,100,-,44,7,-,0,29.8,-,29.68,-,0.00,-,201611
9,48,40,32,41,37,32,100,-,60,9,-,0,29.85,-,29.74,-,0.00,-,201611
10,51,42,32,41,37,32,100,-,45,7,-,0,29.95,-,29.83,-,0.00,-,201611
11,51,46,41,41,36,19,87,-,18,9,-,2,29.95,-,29.83,-,0.04,-,201611
12,57,44,31,41,34,28,100,-,23,8,-,0,30.12,-,29.89,-,0.00,-,201611
13,52,44,36,39,36,34,100,-,47,8,-,0,30.26,-,30.09,-,0.01,-,201611
14,49,44,39,39,38,34,100,-,59,7,-,0,30.45,-,30.27,-,0.00,-,201611
15,44,40,35,39,34,30,100,-,52,6,-,0,30.51,-,30.42,-,0.00,-,201611
16,50,41,32,39,36,32,100,-,54,6,-,0,30.43,-,30.21,-,0.00,-,201611
17,46,42,38,43,41,38,100,-,76,5,-,0,30.21,-,30.12,-,0.02,-,201611
18,47,45,43,46,44,43,100,-,80,7,-,0,30.16,-,30.01,-,0.04,-,201611
19,48,46,45,47,46,45,100,-,93,7,-,0,29.99,-,29.83,-,0.00,-,201611
20,48,46,44,48,46,45,100,-,93,7,-,0,30.09,-,29.95,-,0.04,-,201611
21,51,48,46,51,49,46,100,-,98,6,-,0,30.06,-,30.01,-,0.31,-,201611
22,53,52,50,54,52,50,100,-,98,4,-,0,30.15,-,30.04,-,0.55,-,201611
23,59,55,51,57,55,51,100,-,88,8,-,0,30.19,-,30.12,-,0.00,-,201611
24,57,56,54,56,55,53,100,-,88,13,-,4,30.17,-,30.01,-,0.20,-,201611
25,57,55,53,57,55,54,100,-,88,13,-,0,30.01,-,29.92,-,0.12,-,201611
26,58,53,48,54,52,48,100,-,77,8,-,0,30.04,-,29.98,-,0.00,-,201611
27,52,46,40,50,46,41,100,-,87,9,-,0,29.98,-,29.86,-,0.00,-,201611
28,53,48,43,52,44,28,100,-,50,18,-,0,30.24,-,29.86,-,0.01,-,201611
29,45,39,33,28,25,20,81,-,25,14,-,0,30.56,-,30.24,-,0.00,-,201611
30,47,38,30,32,30,27,100,-,38,7,-,0,30.56,-,30.33,-,0.00,-,201611
1,52,41,30,39,33,27,93,-,33,9,-,0,30.34,-,30.04,-,0.00,-,201612
2,59,49,39,45,40,36,87,-,45,13,-,1,30.06,-,29.86,-,0.00,-,201612
3,48,43,38,41,39,37,93,-,61,7,-,0,30.28,-,30.09,-,0.00,-,201612
4,49,46,43,43,41,39,93,-,65,7,-,1,30.37,-,30.27,-,0.00,-,201612
5,45,42,39,45,43,41,100,-,93,6,-,0,30.44,-,30.33,-,0.00,-,201612
6,48,42,35,43,41,36,100,-,68,6,-,0,30.48,-,30.36,-,0.00,-,201612
7,47,38,30,41,35,30,100,-,81,5,-,0,30.68,-,30.48,-,0.00,-,201612
8,45,36,28,40,33,28,100,-,76,6,-,0,30.69,-,30.54,-,0.00,-,201612
9,40,34,29,41,33,30,100,-,93,5,-,0,30.59,-,30.45,-,0.00,-,201612
10,38,34,30,37,33,30,100,-,98,6,-,0,30.47,-,30.3,-,0.00,-,201612
11,47,38,30,45,37,30,100,-,87,8,-,0,30.3,-,30.04,-,0.00,-,201612
12,40,37,34,39,37,34,100,-,93,7,-,0,30.27,-,30.06,-,0.00,-,201612
13,41,38,35,37,37,36,100,-,87,4,-,0,30.42,-,30.27,-,0.00,-,201612
14,37,36,35,37,36,35,100,-,93,7,-,0,30.4,-,30.3,-,0.00,-,201612
15,37,35,33,36,35,34,100,-,93,5,-,0,30.43,-,30.33,-,0.00,-,201612
16,41,38,33,39,37,34,100,-,86,5,-,0,30.65,-,30.39,-,0.00,-,201612
17,35,31,27,36,32,28,100,-,97,7,-,0,30.71,-,30.63,-,0.00,-,201612
18,32,30,28,32,30,28,100,-,97,7,-,0,30.66,-,30.39,-,0.00,-,201612
19,39,34,29,37,33,29,100,-,87,6,-,0,30.47,-,30.36,-,0.01,-,201612
20,46,41,36,45,41,37,100,-,80,8,-,0,30.4,-,30.27,-,0.08,-,201612
21,51,45,39,47,44,39,100,-,82,10,-,0,30.44,-,30.33,-,0.00,-,201612
22,43,38,32,43,39,32,100,-,98,6,-,0,30.49,-,30.39,-,0.00,-,201612
23,43,37,31,43,37,32,100,-,98,6,-,0,30.53,-,30.42,-,0.00,-,201612
24,50,40,30,45,36,30,100,-,58,10,-,0,30.49,-,30.3,-,0.00,-,201612
25,46,37,28,41,36,30,100,-,65,7,-,0,30.36,-,30.24,-,0.00,-,201612
26,54,43,32,43,39,32,100,-,60,10,-,0,30.38,-,30.27,-,0.00,-,201612
27,67,51,35,39,23,7,100,-,5,22,-,1,30.55,-,30.3,-,0.00,-,201612
28,53,42,32,34,29,16,93,-,22,9,-,0,30.59,-,30.42,-,0.00,-,201612
29,48,40,32,36,32,28,100,-,46,10,-,0,30.7,-,30.42,-,0.00,-,201612
30,45,36,28,37,32,28,100,-,50,5,-,0,30.72,-,30.6,-,0.00,-,201612
31,45,34,24,36,31,25,100,-,55,5,-,0,30.62,-,30.36,-,0.00,-,201612
1,46,34,23,36,29,23,100,-,57,5,-,0,30.4,-,30.18,-,0.00,-,201701
2,44,36,28,36,32,28,100,-,61,5,-,0,30.22,-,30.01,-,0.00,-,201701
3,47,36,26,36,32,27,100,-,50,10,-,0,30.24,-,30.01,-,0.00,-,201701
4,50,38,25,34,30,18,100,-,28,22,-,0,30.19,-,29.74,-,0.00,-,201701
5,46,42,37,19,10,-2,39,-,7,31,-,7,30.24,-,29.83,-,0.00,-,201701
6,40,32,25,14,7,0,59,-,9,17,-,0,30.43,-,30.24,-,0.00,-,201701
7,36,28,20,17,14,9,74,-,28,6,-,0,30.46,-,30.33,-,0.00,-,201701
8,35,28,22,19,18,15,74,-,39,6,-,0,30.36,-,30.18,-,0.00,-,201701
9,40,30,21,25,21,18,100,-,36,7,-,0,30.34,-,30.04,-,0.00,-,201701
10,33,30,27,29,24,19,81,-,53,8,-,1,30.09,-,29.92,-,0.00,-,201701
11,33,31,29,24,20,16,69,-,43,9,-,0,30.2,-,30.01,-,0.00,-,201701
12,36,33,30,30,26,22,100,-,54,10,-,1,30.12,-,29.89,-,0.08,-,201701
13,44,36,29,34,24,9,100,-,14,14,-,0,29.87,-,29.47,-,0.00,-,201701
14,47,38,29,30,19,7,60,-,11,12,-,1,29.89,-,29.68,-,0.00,-,201701
15,48,39,30,30,18,4,87,-,9,8,-,0,30.1,-,29.89,-,0.00,-,201701
16,42,32,23,21,14,5,74,-,13,7,-,0,30.09,-,29.95,-,0.00,-,201701
17,45,34,24,19,14,5,69,-,11,6,-,0,30.23,-,30.01,-,0.00,-,201701
18,44,34,24,23,19,16,74,-,22,6,-,0,30.36,-,30.21,-,0.00,-,201701
19,44,34,25,25,22,21,86,-,28,6,-,0,30.53,-,30.36,-,0.00,-,201701
20,44,34,24,27,24,21,93,-,31,4,-,0,30.55,-,30.45,-,0.00,-,201701
21,44,34,24,28,25,21,93,-,36,4,-,0,30.52,-,30.36,-,0.00,-,201701
22,48,36,24,28,24,21,93,-,23,7,-,0,30.44,-,30.3,-,0.00,-,201701
23,48,37,26,27,24,21,86,-,25,8,-,0,30.34,-,30.12,-,0.00,-,201701
24,50,38,25,30,26,23,100,-,24,6,-,0,30.14,-,30.04,-,0.00,-,201701
25,46,36,27,27,23,21,80,-,25,7,-,0,30.3,-,30.12,-,0.00,-,201701
26,42,34,25,27,23,21,86,-,31,10,-,0,30.46,-,30.27,-,0.00,-,201701
27,41,34,26,28,26,21,80,-,45,7,-,0,30.48,-,30.33,-,0.00,-,201701
28,42,35,28,31,28,27,93,-,48,5,-,0,30.36,-,30.27,-,0.00,-,201701
29,44,34,24,34,31,24,100,-,55,4,-,0,30.33,-,30.21,-,0.00,-,201701
30,41,35,29,34,33,30,100,-,64,6,-,0,30.31,-,30.15,-,0.00,-,201701
31,39,38,37,39,38,34,100,-,81,4,-,0,30.19,-,30.09,-,0.00,-,201701
1,42,40,38,42,40,39,100,-,91,4,-,0,30.21,-,30.09,-,0.04,-,201702
2,42,42,41,43,42,41,100,-,99,6,-,0,30.21,-,30.06,-,0.08,-,201702
3,46,44,41,45,43,41,100,-,93,12,-,0,30.07,-,29.86,-,0.35,-,201702
4,44,43,42,45,43,42,100,-,93,8,-,0,29.86,-,29.71,-,0.16,-,201702
5,41,37,33,41,39,34,100,-,93,8,-,0,29.82,-,29.56,-,0.55,-,201702
6,48,43,38,45,41,39,100,-,80,7,-,1,29.86,-,29.53,-,0.00,-,201702
7,54,46,38,45,41,37,100,-,50,9,-,0,29.99,-,29.86,-,0.00,-,201702
8,46,42,39,41,39,36,100,-,64,8,-,4,30.15,-,29.98,-,0.00,-,201702
9,45,42,39,34,31,28,76,-,43,8,-,0,30.22,-,30.15,-,0.00,-,201702
10,41,39,37,38,35,28,100,-,50,8,-,2,30.25,-,30.15,-,0.08,-,201702
11,44,41,38,41,39,37,100,-,73,5,-,0,30.3,-,30.21,-,0.00,-,201702
12,48,44,41,44,42,41,100,-,79,6,-,0,30.42,-,30.27,-,0.00,-,201702
13,46,42,37,43,41,37,100,-,79,8,-,0,30.49,-,30.36,-,0.00,-,201702
14,54,48,39,40,37,35,100,-,40,10,-,0,30.6,-,30.48,-,0.00,-,201702
15,57,44,32,43,39,33,100,-,45,10,-,0,30.63,-,30.51,-,0.00,-,201702
16,60,46,32,45,38,33,100,-,29,7,-,0,30.53,-,30.33,-,0.00,-,201702
17,60,48,35,46,43,36,100,-,46,9,-,0,30.37,-,30.12,-,0.00,-,201702
18,50,44,37,43,41,37,100,-,66,8,-,0,30.3,-,30.18,-,0.00,-,201702
19,50,44,37,43,40,36,100,-,58,8,-,0,30.33,-,30.18,-,0.00,-,201702
20,48,42,37,43,39,37,100,-,73,6,-,0,30.28,-,30.18,-,0.00,-,201702
21,58,47,36,45,41,37,100,-,47,12,-,0,30.18,-,30.01,-,0.00,-,201702
22,52,44,37,47,41,37,100,-,77,9,-,0,30.15,-,30.01,-,0.00,-,201702
23,46,41,36,46,42,36,100,-,93,6,-,0,30.08,-,29.86,-,0.02,-,201702
24,53,48,44,50,48,45,100,-,86,10,-,0,29.89,-,29.71,-,0.00,-,201702
25,55,48,39,46,36,28,100,-,24,17,-,0,30.23,-,29.92,-,0.00,-,201702
26,56,44,32,36,33,30,100,-,26,8,-,0,30.23,-,30.04,-,0.00,-,201702
27,53,46,40,43,36,32,100,-,43,7,-,2,30.1,-,29.92,-,0.01,-,201702
28,50,46,43,48,45,42,100,-,87,10,-,2,29.89,-,29.5,-,0.02,-,201702
1,61,50,39,43,31,21,93,-,15,13,-,0,29.93,-,29.56,-,0.00,-,201703
2,60,49,38,43,38,30,100,-,42,9,-,0,30.06,-,29.92,-,0.00,-,201703
3,48,46,43,48,43,39,100,-,67,8,-,0,30.14,-,29.95,-,0.12,-,201703
4,53,50,46,50,47,45,100,-,87,18,-,2,29.94,-,29.59,-,0.35,-,201703
5,57,50,42,45,40,37,93,-,40,9,-,0,29.8,-,29.71,-,0.00,-,201703
6,56,46,37,45,41,37,100,-,50,10,-,0,29.77,-,29.5,-,0.02,-,201703
7,61,50,40,41,21,14,87,-,8,21,-,0,30.01,-,29.56,-,0.00,-,201703
8,61,48,34,28,22,16,60,-,10,10,-,0,30.18,-,30.01,-,0.00,-,201703
9,67,52,36,36,31,27,81,-,14,7,-,0,30.15,-,29.95,-,0.00,-,201703
10,72,56,40,39,21,5,87,-,4,21,-,2,30.09,-,29.98,-,0.00,-,201703
11,60,51,42,36,25,21,54,-,15,9,-,2,30.19,-,30.04,-,0.00,-,201703
12,59,51,43,36,29,25,66,-,19,10,-,0,30.06,-,29.92,-,0.00,-,201703
13,58,49,40,39,34,30,76,-,28,8,-,0,30.32,-,30.04,-,0.00,-,201703
14,66,52,38,39,37,34,93,-,22,7,-,0,30.4,-,30.27,-,0.00,-,201703
15,64,54,45,43,38,36,76,-,26,8,-,0,30.36,-,30.27,-,0.00,-,201703
16,66,54,41,43,40,37,87,-,36,6,-,0,30.31,-,30.12,-,0.00,-,201703
17,69,56,42,45,42,37,100,-,23,10,-,0,30.15,-,29.92,-,0.00,-,201703
18,70,62,53,48,46,45,77,-,37,14,-,2,29.93,-,29.74,-,0.00,-,201703
19,66,59,52,52,48,45,77,-,53,12,-,2,29.92,-,29.77,-,0.00,-,201703
20,64,56,49,50,48,46,88,-,47,7,-,0,29.95,-,29.86,-,0.00,-,201703
21,61,56,51,52,50,48,88,-,64,9,-,0,29.92,-,29.83,-,0.00,-,201703
22,61,56,51,52,51,50,100,-,62,14,-,2,29.92,-,29.83,-,0.00,-,201703
23,57,54,51,55,52,50,100,-,78,12,-,0,30.12,-,29.95,-,0.04,-,201703
24,60,55,50,54,51,48,100,-,62,9,-,0,30.27,-,30.12,-,0.04,-,201703
25,68,58,47,57,52,48,100,-,46,13,-,0,30.25,-,30.01,-,0.31,-,201703
26,60,54,48,52,47,44,100,-,56,13,-,0,30.21,-,30.01,-,0.02,-,201703
27,61,54,46,45,38,30,87,-,30,10,-,0,30.33,-,30.21,-,0.00,-,201703
28,68,54,39,43,40,34,100,-,28,8,-,0,30.28,-,30.18,-,0.00,-,201703
29,73,58,42,46,42,36,100,-,20,6,-,0,30.3,-,30.15,-,0.00,-,201703
30,75,60,46,48,44,36,93,-,18,5,-,0,30.31,-,30.21,-,0.00,-,201703
31,74,62,50,48,45,37,82,-,28,7,-,0,30.27,-,30.06,-,0.00,-,201703
1,71,62,52,50,42,32,88,-,25,10,-,0,30.06,-,29.89,-,0.08,-,201704
2,65,58,50,50,49,45,100,-,49,10,-,0,30.09,-,29.92,-,0.00,-,201704
3,76,62,47,54,44,30,100,-,17,9,-,0,30.13,-,29.98,-,0.00,-,201704
4,73,60,46,45,42,36,87,-,20,12,-,0,30.04,-,29.94,-,0.16,-,201704
5,63,57,51,52,49,45,100,-,49,14,-,0,30.09,-,30.01,-,0.00,-,201704
6,70,58,45,50,43,36,82,-,23,10,-,0,30.05,-,29.94,-,0.00,-,201704
7,66,58,51,48,46,43,82,-,44,7,-,1,30.13,-,30.01,-,0.00,-,201704
8,72,60,47,50,46,40,93,-,20,7,-,0,30.2,-,30.09,-,0.00,-,201704
9,73,62,50,52,48,46,82,-,32,9,-,0,30.29,-,30.15,-,0.00,-,201704
10,77,64,51,51,48,45,82,-,33,7,-,0,30.21,-,30.01,-,0.00,-,201704
11,75,64,52,54,48,44,82,-,24,9,-,0,30.06,-,29.94,-,0.00,-,201704
12,73,64,56,52,49,45,72,-,32,12,-,1,30.16,-,29.95,-,0.00,-,201704
13,76,66,57,54,49,46,77,-,33,13,-,2,29.95,-,29.77,-,0.00,-,201704
14,74,62,50,52,49,46,88,-,31,10,-,0,29.95,-,29.83,-,0.00,-,201704
15,74,64,55,54,49,45,77,-,29,12,-,0,29.95,-,29.8,-,0.00,-,201704
16,76,63,50,54,41,23,100,-,10,17,-,0,29.95,-,29.77,-,0.00,-,201704
17,68,58,49,48,40,21,87,-,20,15,-,0,30.05,-,29.86,-,0.00,-,201704
18,62,54,46,45,30,3,82,-,5,28,-,0,30.05,-,29.8,-,0.00,-,201704
19,60,52,45,14,9,5,25,-,4,21,-,2,30.18,-,30.04,-,0.00,-,201704
20,64,49,34,23,15,10,65,-,5,12,-,0,30.3,-,30.12,-,0.00,-,201704
21,64,53,42,28,22,14,46,-,13,9,-,0,30.41,-,30.24,-,0.00,-,201704
22,72,56,41,45,36,25,70,-,17,12,-,0,30.28,-,29.95,-,0.00,-,201704
23,73,59,45,48,45,39,100,-,19,12,-,0,30.09,-,29.95,-,0.00,-,201704
24,63,59,55,48,47,43,77,-,45,9,-,1,30.14,-,30.01,-,0.00,-,201704
25,65,60,55,54,50,46,94,-,48,10,-,0,30.01,-,29.77,-,0.00,-,201704
26,54,52,51,54,51,45,100,-,54,13,-,2,29.78,-,29.71,-,1.10,-,201704
27,59,55,51,57,53,52,100,-,78,7,-,0,29.77,-,29.62,-,0.51,-,201704
28,63,54,45,52,38,21,100,-,12,15,-,1,29.89,-,29.53,-,0.00,-,201704
29,64,52,41,39,32,27,76,-,15,8,-,0,30.05,-,29.89,-,0.00,-,201704
30,66,55,44,41,36,28,81,-,16,8,-,2,30.05,-,29.89,-,0.00,-,201704
1,55,50,46,50,43,39,100,-,48,13,-,2,29.99,-,29.83,-,0.79,-,201705
2,64,52,40,50,44,34,100,-,32,13,-,0,30.05,-,29.98,-,0.16,-,201705
3,59,54,49,50,48,46,100,-,57,7,-,0,30.09,-,30.04,-,0.03,-,201705
4,62,56,50,53,50,46,100,-,48,8,-,0,30.05,-,29.95,-,0.00,-,201705
5,72,59,46,52,48,37,100,-,27,9,-,0,30.04,-,29.98,-,0.00,-,201705
6,61,57,53,54,50,46,95,-,60,9,-,0,30.03,-,29.83,-,0.24,-,201705
7,64,57,50,54,52,50,100,-,53,9,-,0,29.91,-,29.83,-,0.02,-,201705
8,72,60,47,54,50,45,100,-,32,9,-,0,29.86,-,29.77,-,0.00,-,201705
9,71,62,52,54,50,46,94,-,38,14,-,0,29.86,-,29.74,-,0.08,-,201705
10,66,60,54,52,50,48,82,-,53,14,-,2,29.91,-,29.83,-,0.02,-,201705
11,63,58,54,57,53,48,94,-,55,15,-,2,29.86,-,29.65,-,0.01,-,201705
12,69,63,57,58,56,54,100,-,52,8,-,0,29.8,-,29.68,-,0.01,-,201705
13,76,64,52,57,53,50,100,-,37,10,-,0,30.04,-,29.8,-,0.00,-,201705
14,77,68,59,59,55,48,82,-,39,9,-,2,30.18,-,30.04,-,0.00,-,201705
15,78,66,54,57,53,46,94,-,25,8,-,0,30.33,-,30.18,-,0.00,-,201705
16,80,69,58,55,51,46,77,-,30,8,-,0,30.36,-,30.23,-,0.00,-,201705
17,82,72,62,55,52,49,72,-,22,9,-,1,30.25,-,30.06,-,0.00,-,201705
18,79,72,64,54,50,46,64,-,23,12,-,2,30.06,-,29.95,-,0.00,-,201705
19,73,65,57,62,55,50,88,-,50,15,-,2,29.97,-,29.86,-,0.12,-,201705
20,75,65,55,54,49,43,88,-,25,15,-,0,30.07,-,29.95,-,0.00,-,201705
21,80,66,51,54,45,36,95,-,13,7,-,0,30.15,-,30.06,-,0.00,-,201705
22,82,68,55,52,47,42,72,-,16,8,-,0,30.11,-,29.95,-,0.00,-,201705
23,86,72,57,55,50,45,77,-,16,12,-,0,30.06,-,29.95,-,0.00,-,201705
24,90,75,60,57,51,37,77,-,14,9,-,1,30.04,-,29.89,-,0.00,-,201705
25,79,72,65,61,55,39,83,-,27,15,-,0,30.06,-,29.92,-,0.00,-,201705
26,81,72,64,52,48,45,56,-,22,9,-,1,30.1,-,29.98,-,0.00,-,201705
27,84,74,64,55,51,46,68,-,21,7,-,0,30.13,-,30.06,-,0.00,-,201705
28,87,76,66,55,53,48,64,-,20,7,-,1,30.17,-,30.05,-,0.00,-,201705
29,88,76,65,57,54,50,68,-,20,7,-,0,30.1,-,29.92,-,0.00,-,201705
30,88,76,63,57,52,48,77,-,19,9,-,0,30.01,-,29.93,-,0.01,-,201705
31,87,76,66,54,49,43,56,-,16,9,-,2,30.09,-,30.01,-,0.00,-,201705
1,87,74,62,54,49,43,63,-,14,10,-,0,30.12,-,30.01,-,0.00,-,201706
2,87,76,64,54,50,45,60,-,18,7,-,1,30.08,-,29.95,-,0.00,-,201706
3,87,76,66,59,55,50,73,-,22,12,-,1,30.01,-,29.86,-,0.00,-,201706
4,84,76,68,63,59,55,83,-,31,9,-,0,29.92,-,29.8,-,0.00,-,201706
5,79,72,64,63,59,55,94,-,47,16,-,2,29.9,-,29.83,-,0.12,-,201706
6,77,70,60,63,60,55,94,-,41,14,-,0,29.86,-,29.68,-,0.20,-,201706
7,82,68,54,57,48,34,100,-,15,10,-,0,30.01,-,29.8,-,0.00,-,201706
8,79,69,59,54,49,32,72,-,25,16,-,0,30.19,-,30.01,-,0.00,-,201706
9,81,71,61,57,53,50,73,-,26,8,-,0,30.07,-,29.97,-,0.00,-,201706
10,87,74,61,59,57,52,88,-,26,9,-,0,30.06,-,29.98,-,0.00,-,201706
11,87,78,68,59,56,51,68,-,21,9,-,0,30.12,-,29.98,-,0.00,-,201706
12,90,79,68,61,57,52,64,-,25,10,-,1,30.04,-,29.89,-,0.00,-,201706
13,91,80,68,63,58,52,69,-,26,9,-,0,29.98,-,29.86,-,0.00,-,201706
14,89,80,71,72,61,54,94,-,29,15,-,0,29.98,-,29.88,-,0.03,-,201706
15,86,78,69,70,67,64,100,-,44,8,-,0,30.04,-,29.95,-,0.00,-,201706
16,95,82,69,68,60,45,83,-,14,10,-,0,30.01,-,29.86,-,0.00,-,201706
17,91,82,73,66,56,39,78,-,10,14,-,1,30.01,-,29.89,-,0.00,-,201706
18,84,76,69,59,52,46,60,-,19,14,-,4,30.15,-,30.01,-,0.00,-,201706
19,88,78,67,57,51,46,60,-,17,9,-,0,30.21,-,30.06,-,0.00,-,201706
20,91,80,68,59,54,48,68,-,18,10,-,1,30.11,-,29.95,-,0.00,-,201706
21,91,81,71,63,55,46,51,-,25,8,-,0,30.01,-,29.9,-,0.00,-,201706
22,93,82,71,64,62,59,73,-,25,9,-,0,30.04,-,29.94,-,0.00,-,201706
23,92,82,73,70,66,62,78,-,35,12,-,5,30.04,-,29.89,-,0.00,-,201706
24,92,83,74,70,66,64,73,-,35,9,-,1,30.01,-,29.86,-,0.00,-,201706
25,87,76,66,70,65,56,94,-,34,15,-,1,29.92,-,29.8,-,0.01,-,201706
26,86,78,69,72,64,61,89,-,40,14,-,1,29.98,-,29.85,-,0.04,-,201706
27,83,75,67,66,63,60,83,-,44,14,-,0,29.89,-,29.71,-,0.01,-,201706
28,84,74,64,66,63,59,100,-,47,12,-,2,29.71,-,29.5,-,1.02,-,201706
29,78,70,62,64,61,57,94,-,48,10,-,2,29.68,-,29.5,-,0.12,-,201706
30,80,71,62,59,53,45,83,-,29,10,-,0,29.84,-,29.68,-,0.00,-,201706
1,79,68,57,57,53,50,82,-,27,16,-,0,29.95,-,29.83,-,0.00,-,201707
2,83,71,59,57,55,51,88,-,25,9,-,1,29.98,-,29.92,-,0.00,-,201707
3,87,76,65,57,54,48,73,-,20,9,-,0,30.09,-,30,-,0.00,-,201707
4,85,76,68,63,59,52,68,-,29,10,-,0,30.15,-,30.05,-,0.00,-,201707
5,89,78,68,63,60,46,73,-,29,8,-,0,30.12,-,29.99,-,0.00,-,201707
6,92,80,68,63,56,46,68,-,19,7,-,0,30.09,-,30.01,-,0.00,-,201707
7,92,81,70,63,56,46,57,-,21,8,-,0,30.07,-,29.94,-,0.00,-,201707
8,93,80,68,66,59,52,69,-,25,9,-,0,30.01,-,29.91,-,0.00,-,201707
9,87,81,75,69,64,61,74,-,40,10,-,0,30.01,-,29.86,-,0.00,-,201707
10,88,80,71,70,64,61,94,-,33,9,-,0,29.9,-,29.8,-,0.03,-,201707
11,84,76,68,68,65,61,94,-,44,9,-,0,29.95,-,29.89,-,0.00,-,201707
12,86,76,67,66,64,60,88,-,30,8,-,0,29.98,-,29.86,-,0.00,-,201707
13,90,78,66,68,65,59,94,-,29,9,-,0,29.92,-,29.83,-,0.00,-,201707
14,80,74,68,68,64,59,88,-,48,20,-,2,29.95,-,29.86,-,0.00,-,201707
15,86,76,67,63,56,43,83,-,14,8,-,1,30.04,-,29.92,-,0.00,-,201707
16,81,75,69,57,52,46,60,-,23,13,-,4,30.16,-,30.06,-,0.00,-,201707
17,84,76,68,57,49,45,60,-,26,8,-,0,30.21,-,30.06,-,0.00,-,201707
18,87,76,66,57,53,46,68,-,24,7,-,0,30.12,-,30.01,-,0.00,-,201707
19,89,78,66,59,55,46,73,-,29,9,-,0,30.06,-,29.95,-,0.00,-,201707
20,87,78,68,64,56,45,64,-,28,7,-,0,29.98,-,29.83,-,0.00,-,201707
21,88,78,69,69,61,54,88,-,30,16,-,0,29.95,-,29.83,-,0.00,-,201707
22,89,78,68,65,60,52,88,-,22,8,-,0,29.95,-,29.89,-,0.00,-,201707
23,90,80,69,64,62,59,78,-,31,10,-,0,29.98,-,29.83,-,0.00,-,201707
24,80,74,69,68,61,41,78,-,27,15,-,0,29.83,-,29.59,-,0.02,-,201707
25,87,72,58,52,41,34,63,-,9,13,-,1,29.69,-,29.61,-,0.00,-,201707
26,88,73,58,54,44,34,77,-,13,21,-,1,29.74,-,29.67,-,0.00,-,201707
27,88,75,62,57,48,31,60,-,10,20,-,0,29.86,-,29.74,-,0.00,-,201707
28,89,77,65,63,58,53,83,-,20,7,-,0,29.95,-,29.83,-,0.00,-,201707
29,88,78,69,70,63,59,94,-,28,10,-,0,30.06,-,29.95,-,0.04,-,201707
30,87,76,66,70,64,61,94,-,35,13,-,1,30.04,-,29.92,-,0.16,-,201707
31,90,78,67,68,64,59,94,-,35,8,-,0,30.06,-,30.01,-,0.00,-,201707
1,94,82,71,70,66,59,83,-,31,7,-,0,30.09,-,29.99,-,0.00,-,201708
2,100,86,73,72,65,54,89,-,16,8,-,0,30.09,-,29.96,-,0.00,-,201708
3,96,85,74,70,62,52,69,-,23,7,-,0,30.04,-,29.88,-,0.00,-,201708
4,99,87,75,68,60,51,65,-,23,7,-,0,29.92,-,29.8,-,0.00,-,201708
5,97,86,75,70,61,52,70,-,22,8,-,0,29.92,-,29.8,-,0.00,-,201708
6,89,81,73,70,64,51,78,-,21,12,-,0,29.95,-,29.83,-,0.16,-,201708
7,86,78,69,61,57,50,73,-,22,10,-,0,30.06,-,29.95,-,0.00,-,201708
8,86,78,71,63,59,55,65,-,32,15,-,4,29.98,-,29.82,-,0.00,-,201708
9,89,79,69,66,63,54,78,-,35,9,-,1,29.95,-,29.83,-,0.00,-,201708
10,87,77,67,64,61,52,83,-,30,10,-,0,29.92,-,29.83,-,0.00,-,201708
11,75,69,63,61,52,45,78,-,29,17,-,0,29.93,-,29.82,-,0.00,-,201708
12,86,72,58,54,49,36,82,-,14,8,-,0,30.01,-,29.92,-,0.00,-,201708
13,86,72,59,59,51,46,77,-,18,8,-,0,30.09,-,30.01,-,0.00,-,201708
14,88,76,63,59,53,45,77,-,21,8,-,0,30.15,-,30.06,-,0.00,-,201708
15,90,77,64,61,56,52,73,-,23,8,-,0,30.15,-,30.04,-,0.00,-,201708
16,91,80,69,64,59,55,73,-,29,8,-,0,30.09,-,30.01,-,0.00,-,201708
17,92,80,68,63,60,55,73,-,26,7,-,0,30.09,-,30,-,0.00,-,201708
18,93,82,70,66,61,55,73,-,21,12,-,0,30.06,-,29.89,-,0.08,-,201708
19,87,78,69,66,63,52,83,-,33,12,-,0,29.92,-,29.83,-,0.01,-,201708
20,83,74,66,59,53,46,78,-,20,8,-,0,30.1,-,29.92,-,0.00,-,201708
21,82,73,64,54,51,48,60,-,21,9,-,2,30.15,-,30.04,-,0.00,-,201708
22,82,74,65,55,50,48,60,-,20,9,-,0,30.15,-,30.01,-,0.00,-,201708
23,88,76,64,59,54,50,68,-,18,7,-,0,30.06,-,29.98,-,0.00,-,201708
24,89,76,64,61,57,54,83,-,23,7,-,0,30.1,-,30.03,-,0.00,-,201708
25,89,78,67,63,61,57,83,-,31,6,-,0,30.13,-,30.04,-,0.00,-,201708
26,92,81,70,65,62,57,78,-,23,8,-,0,30.09,-,29.96,-,0.00,-,201708
27,93,80,68,65,62,59,78,-,22,8,-,0,30.04,-,29.89,-,0.00,-,201708
28,91,81,71,68,61,57,73,-,28,10,-,0,30.01,-,29.89,-,0.00,-,201708
29,87,77,67,59,56,52,73,-,27,12,-,1,30.04,-,29.95,-,0.00,-,201708
30,91,80,70,61,56,50,60,-,21,7,-,0,30.04,-,29.91,-,0.00,-,201708
31,86,78,71,66,60,55,73,-,29,9,-,0,30.01,-,29.89,-,0.00,-,201708
1,82,74,66,64,61,55,88,-,35,14,-,0,29.92,-,29.77,-,0.35,-,201709
2,66,62,59,59,54,50,94,-,59,13,-,2,29.86,-,29.74,-,0.20,-,201709
3,77,66,54,57,49,36,100,-,24,6,-,0,29.92,-,29.83,-,0.00,-,201709
4,78,68,57,54,50,45,77,-,21,8,-,0,30.06,-,29.92,-,0.00,-,201709
5,82,70,58,59,55,52,88,-,34,7,-,0,30.15,-,30.04,-,0.00,-,201709
6,81,72,62,61,58,54,88,-,42,7,-,0,30.09,-,29.92,-,0.00,-,201709
7,83,74,64,63,59,53,88,-,27,14,-,0,29.95,-,29.79,-,0.43,-,201709
8,75,68,61,61,58,55,94,-,40,18,-,0,29.95,-,29.83,-,0.00,-,201709
9,77,70,62,63,58,52,95,-,38,16,-,4,29.79,-,29.53,-,0.08,-,201709
10,63,60,57,61,58,55,100,-,77,15,-,4,29.68,-,29.5,-,1.89,-,201709
11,74,66,58,63,60,57,100,-,55,8,-,0,29.67,-,29.53,-,0.01,-,201709
12,80,70,60,63,54,34,100,-,13,14,-,1,29.98,-,29.59,-,0.03,-,201709
13,75,66,56,57,53,50,82,-,38,8,-,0,30.12,-,29.98,-,0.00,-,201709
14,68,62,57,61,56,52,94,-,53,9,-,0,30.04,-,29.8,-,0.00,-,201709
15,66,56,47,57,50,37,94,-,43,9,-,0,29.92,-,29.83,-,0.47,-,201709
16,68,60,53,57,54,50,100,-,52,12,-,0,29.88,-,29.77,-,0.31,-,201709
17,70,62,53,54,51,46,100,-,36,15,-,0,29.97,-,29.83,-,0.08,-,201709
18,64,57,50,55,51,46,100,-,45,10,-,0,30.01,-,29.92,-,0.01,-,201709
19,69,60,51,54,50,41,100,-,37,8,-,0,29.93,-,29.83,-,0.00,-,201709
20,74,61,48,52,45,37,100,-,27,10,-,0,30.04,-,29.92,-,0.00,-,201709
21,73,60,48,48,44,41,87,-,30,6,-,0,30.12,-,30.04,-,0.00,-,201709
22,73,62,51,54,50,45,88,-,30,6,-,0,30.17,-,30.06,-,0.00,-,201709
23,74,64,55,57,55,52,100,-,37,7,-,0,30.18,-,30.06,-,0.00,-,201709
24,75,67,59,59,56,54,88,-,40,12,-,0,30.13,-,30.01,-,0.00,-,201709
25,71,64,57,54,51,46,88,-,36,8,-,1,30.15,-,30.06,-,0.00,-,201709
26,72,63,54,54,52,48,88,-,34,7,-,0,30.18,-,30.12,-,0.00,-,201709
27,76,68,59,55,53,48,82,-,27,9,-,0,30.26,-,30.18,-,0.00,-,201709
28,74,66,57,57,55,53,88,-,47,7,-,0,30.32,-,30.24,-,0.00,-,201709
29,70,63,56,55,53,51,88,-,43,8,-,0,30.3,-,30.18,-,0.00,-,201709
30,66,63,60,52,50,48,68,-,41,8,-,1,30.21,-,30.06,-,0.00,-,201709
1,62,58,55,52,50,46,88,-,55,7,-,0,30.24,-,30.09,-,0.00,-,201710
2,68,60,53,54,52,48,94,-,49,6,-,0,30.24,-,30.18,-,0.00,-,201710
3,66,60,55,57,55,54,94,-,59,10,-,0,30.19,-,30.06,-,0.00,-,201710
4,69,60,52,59,56,54,100,-,60,6,-,0,30.31,-,30.21,-,0.00,-,201710
5,73,62,50,57,55,51,100,-,46,10,-,0,30.21,-,29.86,-,0.00,-,201710
6,75,64,53,57,45,21,100,-,13,26,-,0,30.04,-,29.74,-,0.00,-,201710
7,72,58,44,52,39,29,100,-,12,12,-,0,30.16,-,30.04,-,0.00,-,201710
8,72,61,50,50,44,39,76,-,23,9,-,0,30.04,-,29.91,-,0.00,-,201710
9,70,59,48,51,48,46,94,-,33,5,-,0,30.06,-,30,-,0.00,-,201710
10,72,61,50,52,49,46,88,-,41,5,-,0,30.16,-,30.04,-,0.00,-,201710
11,70,60,49,54,51,48,100,-,48,8,-,0,30.25,-,30.15,-,0.00,-,201710
12,73,62,50,55,52,48,100,-,34,6,-,0,30.3,-,30.21,-,0.00,-,201710
13,73,61,49,55,53,50,100,-,40,8,-,0,30.36,-,30.27,-,0.00,-,201710
14,75,62,50,57,54,50,100,-,40,8,-,0,30.38,-,30.3,-,0.00,-,201710
15,76,63,50,57,55,50,100,-,47,7,-,0,30.41,-,30.3,-,0.01,-,201710
16,76,62,48,57,53,49,100,-,41,8,-,0,30.38,-,30.27,-,0.00,-,201710
17,71,59,47,55,52,48,100,-,42,5,-,0,30.33,-,30.18,-,0.00,-,201710
18,70,58,47,54,51,48,100,-,39,6,-,0,30.19,-,30.04,-,0.00,-,201710
19,57,54,51,55,53,50,100,-,88,5,-,0,30.12,-,30.06,-,0.00,-,201710
20,59,55,51,54,54,52,100,-,82,6,-,1,30.18,-,30.09,-,0.00,-,201710
21,60,56,52,55,54,52,100,-,76,4,-,0,30.18,-,30.06,-,0.02,-,201710
22,64,60,56,57,49,25,100,-,14,13,-,0,30.06,-,29.8,-,0.00,-,201710
23,71,56,42,43,30,25,87,-,11,14,-,2,30.04,-,29.91,-,0.00,-,201710
24,68,57,46,43,34,26,71,-,15,8,-,0,30.2,-,30.04,-,0.00,-,201710
25,68,55,42,45,41,37,93,-,35,7,-,0,30.34,-,30.21,-,0.00,-,201710
26,69,56,43,48,44,39,100,-,24,7,-,0,30.34,-,30.21,-,0.00,-,201710
27,72,60,48,52,46,28,93,-,11,15,-,0,30.21,-,29.89,-,0.00,-,201710
28,64,54,43,50,44,36,100,-,32,10,-,0,30.18,-,29.92,-,0.00,-,201710
29,67,57,47,48,43,34,63,-,35,15,-,2,29.92,-,29.59,-,0.00,-,201710
30,66,56,46,46,45,43,93,-,34,7,-,0,30.16,-,29.89,-,0.00,-,201710
31,62,54,46,47,43,37,87,-,33,6,-,0,30.29,-,30.18,-,0.02,-,201710
1,61,50,40,46,43,39,100,-,45,8,-,0,30.3,-,30.18,-,0.00,-,201711
2,60,51,42,47,46,42,100,-,59,8,-,0,30.23,-,30.04,-,0.00,-,201711
3,66,58,50,48,47,45,94,-,42,5,-,0,30.1,-,29.68,-,0.00,-,201711
4,57,55,53,49,48,46,82,-,62,5,-,0,30.12,-,29.71,-,0.00,-,201711
5,56,52,48,55,51,45,100,-,77,17,-,1,30.03,-,29.65,-,1.89,-,201711
6,53,48,44,48,46,43,100,-,72,10,-,0,29.92,-,29.65,-,0.24,-,201711
7,51,47,43,49,46,43,100,-,76,10,-,0,29.98,-,29.86,-,0.01,-,201711
8,53,50,48,48,47,45,100,-,72,10,-,0,30.04,-,29.95,-,0.00,-,201711
9,52,50,48,50,49,48,100,-,88,9,-,0,30.22,-,30.04,-,0.12,-,201711
10,55,47,39,49,46,41,100,-,75,12,-,0,30.23,-,30.04,-,0.00,-,201711
11,49,44,38,48,43,39,100,-,93,9,-,0,30.04,-,29.89,-,0.00,-,201711
12,47,44,42,46,45,43,100,-,93,12,-,0,29.9,-,29.42,-,0.00,-,201711
13,49,43,37,46,37,18,100,-,17,17,-,1,29.84,-,29.36,-,0.00,-,201711
14,56,46,36,37,34,27,93,-,26,8,-,0,30.14,-,29.83,-,0.00,-,201711
15,55,44,32,37,33,28,93,-,30,8,-,0,30.22,-,30.09,-,0.00,-,201711
16,57,50,39,37,35,32,87,-,29,10,-,0,30.19,-,30.06,-,0.00,-,201711
17,56,44,33,39,37,34,100,-,41,10,-,0,30.14,-,30.04,-,0.00,-,201711
18,55,44,34,42,39,35,100,-,52,9,-,0,30.12,-,30.01,-,0.00,-,201711
19,57,44,32,45,39,34,100,-,51,10,-,0,30.04,-,29.86,-,0.00,-,201711
20,53,43,33,41,37,32,100,-,47,8,-,0,30.16,-,30.06,-,0.00,-,201711
21,60,51,42,45,42,39,93,-,55,10,-,0,30.12,-,30.04,-,0.00,-,201711
22,53,48,42,45,42,39,100,-,61,9,-,1,30.17,-,30.09,-,0.00,-,201711
23,54,49,44,47,45,43,100,-,68,9,-,0,30.18,-,30.12,-,0.00,-,201711
24,50,47,44,48,47,45,100,-,86,10,-,0,30.21,-,30.12,-,0.08,-,201711
25,49,48,46,49,47,46,100,-,93,8,-,0,30.13,-,29.83,-,0.20,-,201711
26,54,44,33,46,29,10,100,-,12,14,-,1,30.22,-,29.83,-,0.00,-,201711
27,46,37,28,36,30,25,100,-,42,7,-,0,30.32,-,30.18,-,0.00,-,201711
28,40,35,30,37,33,28,100,-,59,6,-,0,30.18,-,29.86,-,0.02,-,201711
29,39,38,37,36,33,30,93,-,62,6,-,0,29.86,-,29.59,-,0.00,-,201711
30,52,42,32,36,26,12,93,-,14,10,-,1,29.75,-,29.53,-,0.00,-,201711
1,44,37,30,34,31,25,93,-,45,12,-,0,29.95,-,29.74,-,0.00,-,201712
2,43,39,35,34,29,26,81,-,40,8,-,0,30.11,-,29.92,-,0.00,-,201712
3,45,36,26,32,29,26,100,-,45,6,-,0,30.24,-,30.06,-,0.00,-,201712
4,41,34,26,34,30,27,100,-,65,6,-,0,30.38,-,30.27,-,0.00,-,201712
5,44,35,26,32,31,27,100,-,61,5,-,0,30.54,-,30.39,-,0.00,-,201712
6,54,40,27,39,34,28,100,-,47,8,-,0,30.54,-,30.45,-,0.00,-,201712
7,45,38,32,38,36,32,100,-,64,7,-,0,30.45,-,30.24,-,0.00,-,201712
8,48,42,39,39,36,18,94,-,30,10,-,0,30.25,-,29.77,-,0.00,-,201712
9,47,38,30,18,9,0,51,-,6,14,-,0,30.04,-,29.77,-,0.00,-,201712
10,36,32,27,32,21,12,100,-,34,8,-,0,30.04,-,29.68,-,0.04,-,201712
11,34,32,31,34,33,32,100,-,93,9,-,0,29.67,-,29.39,-,0.28,-,201712
12,43,37,31,41,36,30,100,-,87,8,-,0,29.98,-,29.44,-,0.00,-,201712
13,46,39,32,41,34,32,100,-,59,9,-,0,30.06,-,29.92,-,0.00,-,201712
14,46,40,33,37,34,30,100,-,47,6,-,0,29.92,-,29.59,-,0.00,-,201712
15,41,36,30,37,34,30,100,-,80,9,-,0,29.59,-,29.44,-,0.00,-,201712
16,44,36,28,37,34,27,100,-,71,12,-,0,29.98,-,29.5,-,0.00,-,201712
17,49,38,26,34,26,12,100,-,19,8,-,0,30.24,-,29.98,-,0.00,-,201712
18,39,32,25,27,22,18,93,-,36,8,-,0,30.36,-,30.18,-,0.00,-,201712
19,41,34,26,28,25,21,93,-,57,7,-,0,30.51,-,30.36,-,0.00,-,201712
20,39,34,28,30,28,26,93,-,60,8,-,0,30.56,-,30.42,-,0.00,-,201712
21,40,30,20,30,27,21,100,-,61,7,-,0,30.6,-,30.45,-,0.00,-,201712
22,39,34,28,32,29,25,100,-,63,7,-,0,30.51,-,30.39,-,0.00,-,201712
23,51,38,25,34,31,26,100,-,43,10,-,0,30.48,-,30.36,-,0.00,-,201712
24,54,40,25,43,35,26,100,-,55,12,-,0,30.46,-,30.27,-,0.00,-,201712
25,53,40,28,43,37,28,100,-,71,8,-,0,30.36,-,30.21,-,0.02,-,201712
26,42,40,39,41,40,39,100,-,93,8,-,1,30.21,-,29.77,-,0.08,-,201712
27,43,40,37,43,40,36,100,-,93,9,-,0,29.77,-,29.15,-,0.67,-,201712
28,53,45,37,39,26,12,100,-,15,13,-,1,29.62,-,29.12,-,0.00,-,201712
29,46,39,32,27,16,9,75,-,15,7,-,0,29.94,-,29.62,-,0.00,-,201712
30,47,40,32,32,29,25,87,-,35,9,-,0,30.12,-,29.92,-,0.00,-,201712
31,41,34,28,37,33,28,100,-,62,7,-,0,30.19,-,30.06,-,0.00,-,201712
1,40,38,35,39,37,36,100,-,85,7,-,0,30.04,-,29.77,-,0.08,-,201801
2,57,46,35,37,33,19,100,-,13,13,-,1,30.04,-,29.77,-,0.00,-,201801
3,47,38,29,36,31,27,100,-,49,12,-,0,30.03,-,29.59,-,0.00,-,201801
4,54,44,34,41,37,30,93,-,54,8,-,0,29.78,-,29.71,-,0.00,-,201801
5,45,40,34,43,38,34,100,-,62,9,-,0,29.88,-,29.74,-,0.04,-,201801
6,46,44,42,45,44,43,100,-,93,7,-,0,30.02,-,29.86,-,0.04,-,201801
7,48,46,43,48,46,44,100,-,93,8,-,0,30.21,-,30.01,-,0.00,-,201801
8,56,51,46,52,49,46,100,-,77,23,-,2,30.22,-,30.06,-,0.01,-,201801
9,53,50,48,52,48,41,100,-,67,18,-,0,30.09,-,30.01,-,0.01,-,201801
10,50,47,44,46,44,41,100,-,73,8,-,0,30.07,-,29.92,-,0.02,-,201801
11,48,44,41,45,43,39,100,-,67,6,-,1,30.02,-,29.89,-,0.00,-,201801
12,51,46,37,43,39,36,100,-,45,9,-,0,30.21,-,30.01,-,0.00,-,201801
13,49,40,31,39,36,32,100,-,59,8,-,0,30.25,-,30.15,-,0.00,-,201801
14,45,37,29,37,35,30,100,-,59,7,-,0,30.27,-,30.12,-,0.00,-,201801
15,41,37,33,39,37,34,100,-,87,8,-,0,30.28,-,30.04,-,0.03,-,201801
16,42,37,32,39,38,32,100,-,80,8,-,0,30.05,-,29.59,-,0.00,-,201801
17,51,40,30,39,31,21,100,-,24,15,-,0,30.01,-,29.5,-,0.01,-,201801
18,53,41,29,32,28,21,87,-,31,9,-,0,30.02,-,29.83,-,0.00,-,201801
19,56,44,32,36,33,28,93,-,38,10,-,0,29.91,-,29.74,-,0.00,-,201801
20,45,36,28,36,34,27,100,-,66,7,-,0,29.96,-,29.68,-,0.00,-,201801
21,59,46,32,36,30,21,94,-,14,20,-,1,29.95,-,29.62,-,0.00,-,201801
22,50,42,35,32,29,23,87,-,35,8,-,0,30.06,-,29.92,-,0.00,-,201801
23,48,38,28,37,33,28,100,-,54,8,-,0,30.42,-,30.01,-,0.00,-,201801
24,50,44,37,37,36,32,93,-,50,8,-,0,30.51,-,30.39,-,0.00,-,201801
25,45,41,37,43,40,37,100,-,69,6,-,0,30.42,-,30.24,-,0.12,-,201801
26,45,43,41,43,42,41,100,-,86,7,-,1,30.3,-,30.18,-,0.02,-,201801
27,50,44,37,46,43,37,100,-,82,9,-,0,30.54,-,30.3,-,0.00,-,201801
28,44,38,33,44,40,34,100,-,97,6,-,0,30.62,-,30.51,-,0.00,-,201801
29,41,38,35,41,39,36,100,-,98,5,-,0,30.57,-,30.39,-,0.00,-,201801
30,41,36,31,41,36,32,100,-,98,7,-,0,30.41,-,30.33,-,0.00,-,201801
31,44,41,38,45,42,41,100,-,100,5,-,0,30.36,-,29.95,-,0.03,-,201801
1,46,44,42,45,44,42,100,-,93,12,-,0,29.95,-,29.59,-,0.00,-,201802
2,45,43,41,45,42,39,100,-,84,9,-,0,29.69,-,29.62,-,0.00,-,201802
3,46,40,35,39,36,32,100,-,53,8,-,0,29.77,-,29.56,-,0.00,-,201802
4,45,38,30,36,33,28,100,-,60,7,-,0,30.11,-,29.77,-,0.00,-,201802
5,42,40,39,37,36,33,93,-,62,9,-,1,30.22,-,30.09,-,0.02,-,201802
6,43,39,35,39,37,34,100,-,76,8,-,0,30.13,-,29.86,-,0.02,-,201802
7,48,42,35,39,37,34,100,-,71,8,-,0,29.86,-,29.71,-,0.00,-,201802
8,50,40,31,41,38,32,100,-,61,9,-,0,30.02,-,29.8,-,0.00,-,201802
9,52,46,41,43,39,36,100,-,54,9,-,0,30.04,-,29.92,-,0.00,-,201802
10,50,44,37,39,37,34,94,-,55,9,-,1,29.94,-,29.86,-,0.00,-,201802
11,47,40,32,39,35,32,100,-,49,8,-,0,29.94,-,29.8,-,0.00,-,201802
12,48,42,35,37,35,32,93,-,54,9,-,0,29.96,-,29.77,-,0.00,-,201802
13,47,39,31,34,27,16,100,-,21,8,-,0,30,-,29.86,-,0.00,-,201802
14,46,37,28,27,24,21,80,-,25,8,-,0,30.09,-,29.89,-,0.00,-,201802
15,46,38,30,30,26,23,86,-,43,8,-,0,30.27,-,30.12,-,0.00,-,201802
16,45,38,30,34,30,27,93,-,52,7,-,0,30.3,-,30.18,-,0.00,-,201802
17,47,41,35,37,34,30,87,-,48,6,-,0,30.31,-,30.06,-,0.00,-,201802
18,46,40,35,39,37,34,100,-,66,10,-,0,30.19,-,30.04,-,0.00,-,201802
19,42,38,33,36,31,28,87,-,48,7,-,0,30.18,-,29.92,-,0.00,-,201802
20,47,40,33,32,31,28,87,-,42,9,-,0,29.94,-,29.77,-,0.00,-,201802
21,49,40,32,32,30,25,93,-,34,10,-,0,29.86,-,29.74,-,0.00,-,201802
22,41,39,37,37,35,30,93,-,59,6,-,0,29.84,-,29.71,-,0.02,-,201802
23,40,36,33,37,35,32,100,-,76,7,-,0,29.86,-,29.77,-,0.08,-,201802
24,50,44,39,39,38,34,100,-,50,8,-,0,29.89,-,29.8,-,0.00,-,201802
25,33,32,30,34,23,14,100,-,43,18,-,2,30.01,-,29.89,-,0.00,-,201802
26,32,28,24,22,13,7,69,-,27,12,-,2,30,-,29.77,-,0.00,-,201802
27,33,28,22,16,13,9,74,-,25,8,-,0,29.92,-,29.8,-,0.00,-,201802
28,34,28,21,19,14,10,74,-,26,8,-,0,30.14,-,29.92,-,0.00,-,201802
1,32,29,26,30,27,23,100,-,80,9,-,0,30.14,-,29.71,-,0.12,-,201803
2,34,32,30,34,31,28,100,-,90,9,-,0,29.71,-,29.42,-,0.16,-,201803
3,36,31,26,36,32,27,100,-,93,10,-,0,29.62,-,29.47,-,0.16,-,201803
4,41,36,32,38,35,32,100,-,87,9,-,0,29.71,-,29.59,-,0.04,-,201803
5,48,41,34,43,39,35,100,-,75,6,-,0,29.69,-,29.36,-,0.00,-,201803
6,46,42,38,43,41,37,100,-,81,6,-,0,29.42,-,29.3,-,0.04,-,201803
7,48,42,37,43,41,37,100,-,68,7,-,0,29.68,-,29.42,-,0.28,-,201803
8,59,44,30,43,36,28,100,-,20,7,-,0,29.92,-,29.68,-,0.00,-,201803
9,60,51,42,45,40,36,81,-,41,9,-,0,30.03,-,29.92,-,0.00,-,201803
10,50,48,47,48,47,43,100,-,68,9,-,0,30.03,-,29.95,-,0.16,-,201803
11,49,46,44,50,47,45,100,-,93,9,-,2,29.81,-,29.56,-,1.22,-,201803
12,55,50,44,46,45,43,100,-,64,10,-,0,29.67,-,29.53,-,0.01,-,201803
13,61,51,41,47,43,41,100,-,38,8,-,0,29.8,-,29.65,-,0.00,-,201803
14,65,52,39,42,38,32,93,-,28,9,-,0,29.89,-,29.77,-,0.00,-,201803
15,48,46,44,46,44,39,100,-,71,13,-,0,29.8,-,29.56,-,0.24,-,201803
16,59,51,43,45,43,41,100,-,40,10,-,0,29.65,-,29.56,-,0.00,-,201803
17,50,47,44,48,46,44,100,-,73,10,-,0,29.59,-,29.3,-,0.20,-,201803
18,48,46,43,45,43,41,100,-,82,14,-,1,29.49,-,29.36,-,0.12,-,201803
19,41,39,37,43,38,35,100,-,81,12,-,4,29.68,-,29.47,-,0.02,-,201803
20,49,43,37,37,36,34,93,-,50,15,-,0,29.92,-,29.65,-,0.00,-,201803
21,47,40,34,36,30,25,100,-,46,9,-,0,30.19,-,29.89,-,0.00,-,201803
22,50,42,35,32,27,25,70,-,28,8,-,0,30.2,-,29.71,-,0.00,-,201803
23,55,43,31,34,31,28,93,-,28,8,-,0,29.73,-,29.53,-,0.00,-,201803
24,54,48,41,39,34,30,76,-,39,12,-,0,29.74,-,29.59,-,0.00,-,201803
25,55,48,40,36,32,27,76,-,24,8,-,0,29.81,-,29.71,-,0.00,-,201803
26,60,48,37,37,35,32,87,-,36,10,-,0,29.88,-,29.8,-,0.00,-,201803
27,63,51,39,39,35,27,87,-,27,8,-,0,29.96,-,29.83,-,0.00,-,201803
28,60,52,43,46,42,36,87,-,47,7,-,0,29.91,-,29.74,-,0.00,-,201803
29,57,54,50,50,47,46,94,-,70,9,-,0,29.77,-,29.68,-,0.04,-,201803
30,65,56,48,52,47,43,100,-,45,13,-,2,29.77,-,29.53,-,0.00,-,201803
31,59,52,46,46,43,39,93,-,44,15,-,1,29.55,-,29.39,-,0.04,-,201803
1,66,52,37,45,31,21,93,-,10,13,-,2,29.88,-,29.44,-,0.00,-,201804
2,60,49,38,43,36,27,70,-,35,9,-,0,30.04,-,29.89,-,0.00,-,201804
3,59,52,45,48,42,39,94,-,42,7,-,0,30.08,-,30.01,-,0.03,-,201804
4,52,50,48,51,49,48,100,-,87,9,-,0,30.06,-,29.92,-,0.08,-,201804
5,62,55,48,50,48,45,100,-,47,9,-,1,30.01,-,29.89,-,0.01,-,201804
6,66,56,45,52,47,39,100,-,41,9,-,0,30.16,-,30.01,-,0.00,-,201804
7,66,57,48,50,47,43,94,-,41,8,-,0,30.14,-,30.01,-,0.00,-,201804
8,66,58,51,48,45,41,77,-,35,10,-,1,30.05,-,29.92,-,0.00,-,201804
9,60,56,51,54,49,42,100,-,51,10,-,0,29.92,-,29.77,-,0.16,-,201804
10,57,52,48,54,50,45,100,-,77,10,-,0,29.85,-,29.8,-,0.24,-,201804
11,55,50,44,54,48,43,100,-,67,12,-,0,29.86,-,29.65,-,0.91,-,201804
12,61,54,46,54,49,45,100,-,59,18,-,1,29.77,-,29.62,-,0.63,-,201804
13,60,53,46,50,47,45,100,-,55,7,-,0,30.12,-,29.77,-,0.00,-,201804
14,68,58,48,50,47,43,94,-,43,7,-,0,30.18,-,30.04,-,0.00,-,201804
15,65,56,48,54,49,45,88,-,56,7,-,0,30.06,-,29.83,-,0.00,-,201804
16,73,62,52,54,50,46,94,-,33,7,-,0,29.95,-,29.83,-,0.00,-,201804
17,75,64,53,56,53,50,88,-,37,8,-,0,30.27,-,29.98,-,0.00,-,201804
18,76,66,57,57,52,45,82,-,23,9,-,0,30.38,-,30.3,-,0.00,-,201804
19,76,64,53,54,50,45,94,-,28,8,-,0,30.4,-,30.27,-,0.00,-,201804
20,81,66,52,55,50,41,94,-,21,9,-,0,30.3,-,30.12,-,0.00,-,201804
21,81,68,55,54,51,46,94,-,23,10,-,0,30.17,-,30.01,-,0.00,-,201804
22,80,68,55,52,50,45,77,-,24,8,-,0,30.09,-,29.98,-,0.00,-,201804
23,81,68,55,55,51,45,94,-,28,8,-,0,30.06,-,29.94,-,0.00,-,201804
24,78,68,58,55,52,48,77,-,32,7,-,0,30.06,-,29.98,-,0.00,-,201804
25,80,70,61,54,50,46,60,-,25,8,-,2,30.04,-,29.89,-,0.00,-,201804
26,79,70,60,57,54,50,77,-,34,9,-,2,29.93,-,29.8,-,0.00,-,201804
27,72,66,60,55,53,50,77,-,41,15,-,0,29.98,-,29.86,-,0.00,-,201804
28,77,66,55,57,53,50,88,-,27,10,-,0,29.96,-,29.86,-,0.00,-,201804
29,78,70,62,57,54,50,82,-,27,18,-,0,29.89,-,29.68,-,0.00,-,201804
30,71,62,53,55,42,34,77,-,19,15,-,0,29.87,-,29.74,-,0.00,-,201804
1,66,58,51,52,43,37,94,-,27,15,-,0,29.93,-,29.83,-,0.16,-,201805
2,57,55,53,55,53,50,100,-,82,7,-,0,29.89,-,29.74,-,0.16,-,201805
3,65,58,52,61,57,52,100,-,72,9,-,1,29.74,-,29.65,-,0.08,-,201805
4,74,66,59,61,58,48,100,-,36,9,-,1,29.98,-,29.74,-,0.04,-,201805
5,76,66,56,59,56,50,100,-,37,9,-,0,30.04,-,29.95,-,0.00,-,201805
6,82,68,55,61,59,55,100,-,47,10,-,0,30.05,-,29.94,-,0.00,-,201805
7,73,68,62,61,57,54,82,-,47,10,-,1,30.04,-,29.92,-,0.00,-,201805
8,79,68,57,59,56,54,94,-,42,15,-,0,29.92,-,29.65,-,0.00,-,201805
9,73,66,58,59,57,50,100,-,51,15,-,0,29.77,-,29.68,-,0.02,-,201805
10,76,67,58,59,56,54,94,-,39,7,-,1,29.92,-,29.77,-,0.00,-,201805
11,79,68,57,61,57,54,94,-,34,13,-,0,30.04,-,29.92,-,0.35,-,201805
12,78,68,59,63,59,55,100,-,40,6,-,0,30.04,-,29.89,-,0.01,-,201805
13,75,66,57,57,55,52,88,-,50,12,-,2,29.92,-,29.74,-,0.04,-,201805
14,66,58,51,56,47,41,94,-,33,9,-,2,29.88,-,29.77,-,0.00,-,201805
15,62,56,51,52,48,45,82,-,50,12,-,4,29.89,-,29.8,-,0.00,-,201805
16,72,62,51,57,52,48,94,-,42,10,-,1,29.95,-,29.86,-,0.79,-,201805
17,72,64,55,57,55,52,100,-,42,9,-,1,30.01,-,29.95,-,0.00,-,201805
18,76,66,57,56,54,50,82,-,34,8,-,1,30.05,-,29.95,-,0.00,-,201805
19,77,66,56,55,54,50,82,-,35,15,-,1,30.05,-,29.98,-,0.00,-,201805
20,76,68,60,61,56,52,94,-,37,9,-,2,30.05,-,29.95,-,0.47,-,201805
21,77,66,55,59,56,52,100,-,39,13,-,1,30.02,-,29.89,-,0.02,-,201805
22,67,64,61,61,59,57,94,-,73,9,-,0,30.02,-,29.86,-,0.12,-,201805
23,78,68,59,63,59,55,94,-,44,10,-,1,30.05,-,29.98,-,0.00,-,201805
24,82,70,59,63,59,57,94,-,36,7,-,1,30.04,-,29.95,-,0.00,-,201805
25,86,73,60,63,59,54,88,-,25,7,-,1,30.02,-,29.92,-,0.00,-,201805
26,86,76,66,66,62,57,83,-,37,9,-,1,30.12,-,30.01,-,0.00,-,201805
27,85,75,65,66,62,55,94,-,39,14,-,1,30.11,-,29.98,-,0.00,-,201805
28,81,72,63,65,62,57,94,-,54,12,-,1,30.13,-,30.04,-,0.02,-,201805
29,79,72,65,66,64,59,94,-,48,6,-,1,30.06,-,29.95,-,0.00,-,201805
30,80,72,64,70,65,61,94,-,58,14,-,1,30.01,-,29.95,-,0.00,-,201805
31,81,71,61,66,62,59,100,-,49,9,-,1,30.05,-,29.95,-,0.01,-,201805
1,83,73,63,61,59,55,83,-,35,9,-,4,30.06,-,29.98,-,0.00,-,201806
2,84,74,64,64,60,55,83,-,39,8,-,2,30.07,-,29.98,-,0.00,-,201806
3,85,74,63,64,60,57,88,-,35,6,-,1,30.07,-,29.92,-,0.08,-,201806
4,79,72,65,66,64,61,94,-,54,10,-,1,29.93,-,29.8,-,0.08,-,201806
5,83,73,63,64,62,58,94,-,34,8,-,2,29.86,-,29.74,-,0.00,-,201806
6,82,73,64,63,60,57,83,-,43,12,-,1,30,-,29.86,-,0.00,-,201806
7,83,74,66,63,59,55,88,-,35,13,-,1,30.02,-,29.92,-,0.08,-,201806
8,78,70,63,63,61,59,94,-,47,8,-,1,30.01,-,29.86,-,0.02,-,201806
9,84,74,63,64,61,59,94,-,38,8,-,2,29.9,-,29.86,-,0.00,-,201806
10,85,76,67,68,64,61,74,-,42,9,-,2,29.91,-,29.8,-,0.00,-,201806
11,84,75,66,68,65,61,94,-,48,8,-,0,29.89,-,29.77,-,0.00,-,201806
12,81,74,66,68,64,60,88,-,46,12,-,1,29.78,-,29.68,-,0.04,-,201806
13,77,70,62,64,62,59,100,-,55,7,-,1,29.72,-,29.65,-,0.08,-,201806
14,81,72,64,64,60,52,94,-,37,8,-,1,29.83,-,29.71,-,0.01,-,201806
15,81,74,66,63,59,54,83,-,35,46,-,1,30.15,-,29.83,-,0.00,-,201806
16,83,74,66,63,57,55,69,-,32,7,-,1,29.93,-,29.86,-,0.00,-,201806
17,86,76,66,63,60,55,83,-,37,8,-,1,29.97,-,29.89,-,0.00,-,201806
18,85,76,68,64,61,57,83,-,34,10,-,1,30.06,-,29.95,-,0.00,-,201806
19,87,78,68,64,62,59,83,-,33,9,-,2,30.13,-,30.06,-,0.00,-,201806
20,86,79,72,64,62,55,73,-,31,8,-,1,30.16,-,30.04,-,0.00,-,201806
21,90,79,68,66,63,57,88,-,30,9,-,0,30.08,-,29.88,-,0.00,-,201806
22,85,77,69,68,64,59,73,-,38,16,-,2,30.05,-,29.83,-,0.00,-,201806
23,79,72,64,58,52,48,68,-,27,10,-,4,30.16,-,30.01,-,0.00,-,201806
24,79,70,62,61,51,48,69,-,27,10,-,1,30.09,-,29.98,-,0.00,-,201806
25,78,70,63,57,56,54,73,-,37,13,-,1,30.1,-,29.95,-,0.00,-,201806
26,81,72,63,57,52,46,73,-,27,9,-,2,30.13,-,30.01,-,0.00,-,201806
27,86,72,59,55,54,50,82,-,21,17,-,1,30.04,-,29.86,-,0.00,-,201806
28,84,73,62,55,52,46,73,-,21,10,-,1,29.98,-,29.77,-,0.00,-,201806
29,0,0,0,0,0,0,0,-,0,0,-,0,0,-,0,-,0.00,-,201806
1,89,78,68,68,66,63,69,-,35,15,-,2,29.92,-,29.8,-,0.00,-,201807
2,86,78,71,68,64,62,73,-,42,13,-,1,29.96,-,29.86,-,0.00,-,201807
3,89,79,69,66,63,57,83,-,33,17,-,0,30.06,-,29.89,-,0.20,-,201807
4,88,77,66,68,65,63,94,-,37,9,-,2,30.04,-,29.92,-,0.02,-,201807
5,84,76,67,66,65,59,94,-,46,18,-,2,30.01,-,29.86,-,0.12,-,201807
6,87,76,64,68,63,59,100,-,35,15,-,0,29.99,-,29.86,-,0.12,-,201807
7,88,77,66,68,63,54,94,-,30,8,-,1,30.05,-,29.95,-,0.00,-,201807
8,86,76,66,68,63,59,94,-,38,10,-,0,30.07,-,29.95,-,0.00,-,201807
9,86,78,70,66,60,55,83,-,34,12,-,1,30.05,-,29.92,-,0.00,-,201807
10,86,79,72,66,61,59,78,-,43,12,-,2,29.97,-,29.8,-,0.00,-,201807
11,78,72,67,66,65,63,94,-,60,13,-,5,29.92,-,29.83,-,0.01,-,201807
12,82,75,68,68,66,64,94,-,53,10,-,2,29.99,-,29.92,-,0.00,-,201807
13,88,78,68,70,66,59,94,-,36,6,-,0,30.07,-,29.98,-,0.00,-,201807
14,89,79,69,72,67,61,83,-,43,8,-,1,30.08,-,29.95,-,0.00,-,201807
15,88,77,66,70,66,64,100,-,45,13,-,1,30.01,-,29.86,-,0.00,-,201807
16,82,75,68,70,65,63,88,-,58,14,-,1,29.95,-,29.83,-,0.04,-,201807
17,89,76,63,68,64,54,100,-,24,9,-,1,29.92,-,29.83,-,0.00,-,201807
18,92,78,64,66,60,52,94,-,24,8,-,1,29.98,-,29.89,-,0.00,-,201807
19,91,78,64,68,60,54,88,-,24,8,-,1,29.95,-,29.86,-,0.00,-,201807
20,90,79,68,70,66,59,100,-,33,15,-,1,29.95,-,29.83,-,1.30,-,201807
21,78,72,65,68,65,63,100,-,55,10,-,1,30.15,-,29.8,-,0.28,-,201807
22,86,75,64,68,65,61,100,-,45,8,-,0,29.86,-,29.77,-,0.04,-,201807
23,87,76,64,70,65,63,100,-,45,16,-,1,29.92,-,29.83,-,0.00,-,201807
24,90,80,69,72,65,59,88,-,36,7,-,1,29.96,-,29.83,-,0.00,-,201807
25,88,80,71,72,65,57,83,-,38,7,-,1,29.92,-,29.83,-,0.00,-,201807
26,89,80,71,72,68,64,94,-,39,14,-,1,29.95,-,29.83,-,0.00,-,201807
27,88,78,68,72,67,64,100,-,40,16,-,1,29.95,-,29.83,-,0.00,-,201807
28,88,80,71,73,69,64,89,-,48,8,-,1,29.92,-,29.83,-,0.00,-,201807
29,90,78,66,72,67,63,94,-,41,5,-,0,29.97,-,29.89,-,0.00,-,201807
30,92,80,68,73,69,66,94,-,37,7,-,0,29.99,-,29.92,-,0.00,-,201807
31,93,82,72,73,71,68,89,-,38,7,-,0,30.01,-,29.89,-,0.00,-,201807
1,95,84,73,75,69,61,88,-,43,16,-,1,30.03,-,29.92,-,0.00,-,201808
2,91,80,69,70,67,64,88,-,37,10,-,1,30.04,-,29.98,-,0.00,-,201808
3,92,82,71,72,68,64,88,-,38,9,-,1,30.07,-,29.98,-,0.00,-,201808
4,92,82,73,72,70,66,88,-,38,10,-,1,30.04,-,29.92,-,0.00,-,201808
5,94,83,72,73,70,64,88,-,35,9,-,0,30.02,-,29.92,-,0.00,-,201808
6,94,84,73,73,70,66,94,-,41,7,-,1,30.04,-,29.92,-,0.00,-,201808
7,91,81,71,72,65,61,78,-,34,15,-,1,30.01,-,29.89,-,0.00,-,201808
8,91,80,69,72,68,61,94,-,28,9,-,1,29.99,-,29.92,-,0.00,-,201808
9,89,80,70,70,67,64,88,-,40,13,-,0,30.06,-,29.95,-,0.00,-,201808
10,87,78,68,68,67,64,94,-,38,7,-,1,30.12,-,30.04,-,0.00,-,201808
11,88,79,70,70,66,61,88,-,35,16,-,1,30.09,-,29.98,-,0.00,-,201808
12,86,78,69,70,67,64,94,-,48,13,-,1,30.06,-,29.98,-,0.00,-,201808
13,86,77,68,68,66,63,100,-,50,9,-,1,29.98,-,29.83,-,0.00,-,201808
14,82,73,64,68,64,61,100,-,51,7,-,0,29.95,-,29.83,-,0.39,-,201808
15,86,75,64,68,63,55,100,-,32,14,-,0,30.04,-,29.95,-,0.00,-,201808
16,86,76,65,64,61,57,88,-,30,8,-,0,30.06,-,29.95,-,0.00,-,201808
17,88,77,66,68,63,57,88,-,28,6,-,1,30,-,29.89,-,0.00,-,201808
18,90,78,66,68,64,59,94,-,33,10,-,0,30.07,-,29.98,-,0.00,-,201808
19,91,78,65,70,64,63,94,-,32,7,-,0,30.11,-,30.01,-,0.00,-,201808
20,91,82,72,70,64,61,88,-,31,7,-,0,30.04,-,29.95,-,0.00,-,201808
21,91,80,68,68,64,57,88,-,34,7,-,1,30.07,-,29.95,-,0.00,-,201808
22,92,79,66,68,64,55,94,-,28,6,-,1,30.06,-,29.95,-,0.00,-,201808
23,92,80,68,68,65,61,88,-,36,10,-,1,29.99,-,29.86,-,0.00,-,201808
24,89,80,71,66,64,61,83,-,33,9,-,1,29.89,-,29.74,-,0.00,-,201808
25,70,66,62,66,65,61,100,-,61,16,-,1,29.83,-,29.68,-,1.10,-,201808
26,78,68,57,63,57,48,100,-,26,13,-,0,29.98,-,29.71,-,0.00,-,201808
27,78,68,59,59,53,48,88,-,29,7,-,0,30.04,-,29.98,-,0.00,-,201808
28,83,70,57,63,59,54,100,-,26,6,-,0,30.11,-,30.01,-,0.00,-,201808
29,85,72,60,64,59,55,94,-,28,6,-,1,30.04,-,29.95,-,0.00,-,201808
30,85,74,64,66,62,61,94,-,43,8,-,0,29.99,-,29.92,-,0.00,-,201808
31,76,70,64,64,62,59,94,-,49,14,-,2,29.98,-,29.92,-,0.43,-,201808
1,72,67,62,63,61,59,100,-,64,7,-,1,30.01,-,29.92,-,0.08,-,201809
2,71,66,60,63,60,55,100,-,60,10,-,0,30.06,-,30.01,-,0.00,-,201809
3,79,69,59,61,59,57,100,-,38,8,-,0,30.01,-,29.89,-,0.00,-,201809
4,82,70,57,63,60,55,100,-,32,7,-,1,29.95,-,29.89,-,0.00,-,201809
5,83,71,59,64,61,58,100,-,33,6,-,0,30.03,-,29.92,-,0.00,-,201809
6,83,72,62,64,62,59,94,-,41,12,-,1,29.95,-,29.83,-,0.08,-,201809
7,78,70,63,66,63,59,100,-,41,6,-,1,29.99,-,29.86,-,0.00,-,201809
8,82,72,61,64,63,61,94,-,48,6,-,0,30.11,-,29.98,-,0.00,-,201809
9,84,72,60,65,63,61,100,-,45,5,-,0,30.18,-,30.09,-,0.00,-,201809
10,85,74,64,66,64,63,100,-,42,6,-,1,30.2,-,30.12,-,0.00,-,201809
11,87,76,64,68,65,64,100,-,43,6,-,0,30.27,-,30.18,-,0.00,-,201809
12,87,76,64,68,65,61,100,-,45,5,-,0,30.26,-,30.06,-,0.00,-,201809
13,85,76,66,67,64,59,94,-,39,12,-,1,30.06,-,29.92,-,0.01,-,201809
14,84,74,64,66,65,61,100,-,42,6,-,0,30.02,-,29.62,-,0.00,-,201809
15,81,73,65,68,66,64,94,-,51,9,-,0,30.15,-,30.01,-,0.00,-,201809
16,82,75,68,66,65,63,88,-,54,12,-,1,30.21,-,30.12,-,0.00,-,201809
17,82,73,64,66,64,63,94,-,51,7,-,1,30.21,-,30.06,-,0.00,-,201809
18,82,74,66,66,65,63,94,-,51,6,-,0,30.15,-,30.04,-,0.00,-,201809
19,83,72,61,66,64,62,100,-,43,6,-,0,30.15,-,30.06,-,0.00,-,201809
20,84,73,62,66,64,61,100,-,44,6,-,1,30.15,-,30.04,-,0.00,-,201809
21,86,74,62,64,63,59,100,-,40,6,-,0,30.06,-,29.92,-,0.00,-,201809
22,86,76,66,66,64,61,88,-,48,8,-,1,30.06,-,29.95,-,0.00,-,201809
23,84,74,64,66,62,59,88,-,45,7,-,1,30.09,-,29.89,-,0.00,-,201809
24,84,75,64,66,51,30,88,-,16,24,-,4,30.33,-,29.83,-,0.00,-,201809
25,69,64,59,54,42,36,68,-,30,12,-,2,30.57,-,30.36,-,0.00,-,201809
26,66,58,50,46,41,39,82,-,28,10,-,0,30.69,-,30.54,-,0.00,-,201809
27,75,60,45,50,46,43,100,-,24,5,-,0,30.54,-,30.27,-,0.00,-,201809
28,78,62,46,52,49,43,100,-,28,6,-,0,30.24,-,29.92,-,0.00,-,201809
29,79,65,51,54,49,46,94,-,21,12,-,0,30.14,-,29.98,-,0.00,-,201809
30,71,64,57,52,48,44,72,-,31,7,-,2,30.16,-,29.95,-,0.12,-,201809
1,60,56,53,55,53,50,94,-,59,10,-,0,29.95,-,29.77,-,0.16,-,201810
2,67,56,46,54,47,41,100,-,37,7,-,0,30.15,-,29.92,-,0.01,-,201810
3,69,57,45,50,48,45,100,-,37,5,-,1,30.21,-,30.09,-,0.00,-,201810
4,74,62,50,54,50,46,100,-,38,7,-,0,30.3,-,30.21,-,0.00,-,201810
5,71,60,48,55,50,46,95,-,32,6,-,0,30.3,-,30.15,-,0.00,-,201810
6,68,64,59,59,56,52,94,-,56,6,-,1,30.19,-,29.95,-,0.03,-,201810
7,73,62,51,57,55,52,100,-,44,6,-,0,30.04,-,29.92,-,0.00,-,201810
8,76,65,54,58,56,54,100,-,41,6,-,0,30.15,-,30.04,-,0.00,-,201810
9,75,64,54,59,57,54,100,-,51,6,-,0,30.21,-,30.12,-,0.00,-,201810
10,75,65,55,59,57,54,100,-,46,12,-,0,30.21,-,30.09,-,0.00,-,201810
11,63,61,59,59,56,52,100,-,62,10,-,1,30.24,-,30.09,-,0.20,-,201810
12,74,66,59,61,59,57,100,-,49,7,-,0,30.31,-,30.21,-,0.01,-,201810
13,72,62,53,61,57,54,100,-,54,7,-,0,30.3,-,30.18,-,0.00,-,201810
14,72,61,50,55,53,48,100,-,39,7,-,0,30.19,-,30.06,-,0.00,-,201810
15,71,60,49,57,53,51,100,-,39,9,-,1,30.14,-,30.06,-,0.00,-,201810
16,72,63,54,57,54,52,94,-,43,7,-,0,30.17,-,30.12,-,0.00,-,201810
17,69,64,59,57,56,54,88,-,49,5,-,0,30.15,-,30.06,-,0.00,-,201810
18,75,64,53,57,55,54,100,-,50,5,-,0,30.08,-,29.98,-,0.00,-,201810
19,73,62,52,59,56,52,100,-,50,6,-,1,30.15,-,30.04,-,0.00,-,201810
20,73,62,50,59,54,50,100,-,39,6,-,0,30.24,-,30.15,-,0.00,-,201810
21,68,59,50,55,52,41,100,-,55,30,-,0,30.24,-,30.04,-,0.00,-,201810
22,66,55,44,46,42,37,93,-,35,7,-,0,30.25,-,30.15,-,0.00,-,201810
23,67,54,41,47,44,41,100,-,33,7,-,1,30.28,-,30.04,-,0.00,-,201810
24,84,68,53,48,44,37,72,-,13,16,-,6,30.04,-,29.8,-,0.00,-,201810
25,69,60,52,57,52,41,94,-,27,9,-,1,30.06,-,29.92,-,0.00,-,201810
26,63,58,54,59,56,54,94,-,79,6,-,1,30.01,-,29.8,-,0.01,-,201810
27,60,58,57,59,57,57,100,-,88,13,-,5,29.8,-,29.47,-,0.67,-,201810
28,63,61,59,63,59,57,100,-,88,12,-,4,29.6,-,29.39,-,0.67,-,201810
29,61,58,55,61,57,48,100,-,72,23,-,4,29.6,-,29.06,-,1.38,-,201810
30,62,56,51,50,45,41,82,-,45,21,-,2,30.04,-,29.3,-,0.00,-,201810
31,58,54,51,52,48,45,94,-,67,13,-,2,30.18,-,30.04,-,0.02,-,201810
1,59,54,50,54,51,46,100,-,56,20,-,1,30.12,-,29.92,-,0.00,-,201811
2,59,56,53,55,54,52,100,-,82,5,-,1,30.13,-,30.06,-,0.28,-,201811
3,62,58,54,59,55,54,100,-,81,6,-,0,30.24,-,30.12,-,0.02,-,201811
4,63,57,51,58,55,52,100,-,64,10,-,0,30.12,-,29.98,-,0.00,-,201811
5,62,58,55,59,57,55,100,-,79,10,-,2,30.01,-,29.92,-,0.02,-,201811
6,65,61,57,59,58,55,100,-,77,17,-,6,29.99,-,29.92,-,0.03,-,201811
7,62,58,55,59,56,50,100,-,63,9,-,0,30.1,-,29.95,-,0.02,-,201811
8,63,59,55,57,56,54,100,-,72,6,-,0,30.19,-,30.09,-,0.03,-,201811
9,60,56,53,57,56,54,100,-,78,5,-,0,30.14,-,30.04,-,0.00,-,201811
10,56,54,53,55,53,52,100,-,86,10,-,1,30.06,-,29.98,-,0.03,-,201811
11,57,55,53,55,54,52,100,-,88,10,-,0,30.24,-,30.01,-,0.02,-,201811
12,59,56,54,57,56,54,100,-,88,5,-,0,30.34,-,30.24,-,0.02,-,201811
13,63,59,55,57,56,54,100,-,77,6,-,0,30.37,-,30.3,-,0.00,-,201811
14,61,56,51,55,55,52,100,-,82,5,-,1,30.43,-,30.04,-,0.00,-,201811
15,57,54,50,54,53,50,100,-,82,6,-,1,30.33,-,30.24,-,0.00,-,201811
16,56,50,42,54,43,37,100,-,49,13,-,2,30.37,-,30.24,-,0.00,-,201811
17,54,48,41,43,37,34,93,-,50,8,-,0,30.35,-,30.24,-,0.00,-,201811
18,50,42,34,37,31,27,87,-,36,6,-,0,30.28,-,29.95,-,0.00,-,201811
19,45,40,34,36,33,30,87,-,48,13,-,1,29.95,-,29.77,-,0.00,-,201811
20,44,40,37,39,38,36,100,-,81,7,-,1,29.89,-,29.71,-,0.00,-,201811
